01-Jan-2013,-6.9,3.44285714285714
02-Jan-2013,-12.3571428571429,0.0857142857142857
03-Jan-2013,-15.5,0
04-Jan-2013,-14.5571428571429,0
05-Jan-2013,-11.1142857142857,0.0285714285714286
06-Jan-2013,-9.91428571428571,0
07-Jan-2013,-9.25714285714286,0
08-Jan-2013,-8.17142857142857,0
09-Jan-2013,-11.4571428571429,0
10-Jan-2013,-11.7714285714286,0
11-Jan-2013,-6.2,0
12-Jan-2013,-1.88571428571429,0.757142857142857
13-Jan-2013,-4.67142857142857,0
14-Jan-2013,-5.85714285714286,0
15-Jan-2013,-6.32857142857143,0
16-Jan-2013,-4.02857142857143,0.157142857142857
17-Jan-2013,-6.95714285714286,0
18-Jan-2013,-7.35714285714286,0
19-Jan-2013,-2.32857142857143,0
20-Jan-2013,-1.2,0
21-Jan-2013,1.38571428571429,15.1428571428571
22-Jan-2013,2.72857142857143,0.2
23-Jan-2013,1.2,1.14285714285714
24-Jan-2013,-1.45714285714286,0.442857142857143
25-Jan-2013,-9.57142857142857,0
26-Jan-2013,-10.5285714285714,0
27-Jan-2013,-9.78571428571429,0
28-Jan-2013,-5.75714285714286,0
29-Jan-2013,1.05714285714286,0.0714285714285714
30-Jan-2013,3.54285714285714,0
31-Jan-2013,5.28571428571429,0
01-Feb-2013,4.98571428571429,36.1
02-Feb-2013,-0.671428571428572,0
03-Feb-2013,-4.08571428571429,8.25714285714286
04-Feb-2013,-1.58571428571429,2.67142857142857
05-Feb-2013,-2.54285714285714,2.92857142857143
06-Feb-2013,-1.44285714285714,2.15714285714286
07-Feb-2013,-11.0142857142857,0.0428571428571429
08-Feb-2013,-12.9428571428571,0
09-Feb-2013,-9.4,0
10-Feb-2013,-4.91428571428572,0.271428571428571
11-Feb-2013,-7.68571428571429,0
12-Feb-2013,-4.97142857142857,0
13-Feb-2013,-3.81428571428571,0
14-Feb-2013,-0.957142857142857,0
15-Feb-2013,-1.82857142857143,0
16-Feb-2013,-4.62857142857143,0
17-Feb-2013,0.371428571428571,0.0857142857142857
18-Feb-2013,0.0142857142857143,0
19-Feb-2013,-2.88571428571429,0
20-Feb-2013,-5.42857142857143,0
21-Feb-2013,-2.9,0
22-Feb-2013,-0.457142857142857,1.02857142857143
23-Feb-2013,-1.97142857142857,0
24-Feb-2013,-0.871428571428572,0
25-Feb-2013,0.828571428571429,0
26-Feb-2013,1.9,0.114285714285714
27-Feb-2013,2.32857142857143,0
28-Feb-2013,4.17142857142857,0.3
01-Mar-2013,1.14285714285714,2.68571428571429
02-Mar-2013,-0.871428571428571,0
03-Mar-2013,-0.0142857142857143,0
04-Mar-2013,1.67142857142857,0
05-Mar-2013,2.32857142857143,0
06-Mar-2013,5.67142857142857,0
07-Mar-2013,7.05714285714286,0.371428571428571
08-Mar-2013,6.38571428571429,0
09-Mar-2013,10.5714285714286,0
10-Mar-2013,1.9,0
11-Mar-2013,2.3,0
12-Mar-2013,5.24285714285714,4.68571428571429
13-Mar-2013,4.42857142857143,13.4285714285714
14-Mar-2013,3.07142857142857,0
15-Mar-2013,3.22857142857143,0
16-Mar-2013,5.07142857142857,0
17-Mar-2013,6.38571428571429,3.32857142857143
18-Mar-2013,7.41428571428572,1.1
19-Mar-2013,7.11428571428571,0
20-Mar-2013,1.71428571428571,3.42857142857143
21-Mar-2013,0.157142857142857,0
22-Mar-2013,2.02857142857143,0
23-Mar-2013,3.81428571428571,0
24-Mar-2013,4.81428571428571,0
25-Mar-2013,2.12857142857143,0.428571428571429
26-Mar-2013,2.84285714285714,0
27-Mar-2013,5.64285714285714,0
28-Mar-2013,6.68571428571429,0
29-Mar-2013,4.7,0
30-Mar-2013,3.87142857142857,0.0285714285714286
31-Mar-2013,4.87142857142857,0.0142857142857143
01-Apr-2013,7.37142857142857,0.471428571428571
02-Apr-2013,6.35714285714286,5.92857142857143
03-Apr-2013,6.92857142857143,0
04-Apr-2013,10.0142857142857,0
05-Apr-2013,12.1714285714286,0
06-Apr-2013,6.68571428571429,13.1142857142857
07-Apr-2013,4.7,0.457142857142857
08-Apr-2013,6.78571428571429,1.02857142857143
09-Apr-2013,5.37142857142857,1.35714285714286
10-Apr-2013,4.28571428571429,0.385714285714286
11-Apr-2013,4.98571428571429,0.628571428571429
12-Apr-2013,5.9,0
13-Apr-2013,10.3857142857143,0.0142857142857143
14-Apr-2013,7.88571428571429,2.58571428571429
15-Apr-2013,6.1,0
16-Apr-2013,11.5714285714286,0.0714285714285714
17-Apr-2013,11.8285714285714,0.0571428571428571
18-Apr-2013,10.9,0.0428571428571429
19-Apr-2013,8.52857142857143,0
20-Apr-2013,5.91428571428571,5.48571428571429
21-Apr-2013,8.47142857142857,0
22-Apr-2013,10.1428571428571,0
23-Apr-2013,10.4857142857143,3.64285714285714
24-Apr-2013,12.4714285714286,0.357142857142857
25-Apr-2013,8.41428571428571,7.37142857142857
26-Apr-2013,10.1428571428571,1.21428571428571
27-Apr-2013,11.1571428571429,0
28-Apr-2013,13.6571428571429,0.0142857142857143
29-Apr-2013,13.3857142857143,16.3571428571429
30-Apr-2013,12.4571428571429,0
01-May-2013,12.4142857142857,0
02-May-2013,11.3714285714286,2.52857142857143
03-May-2013,11.6285714285714,2.28571428571429
04-May-2013,12.5857142857143,0.157142857142857
05-May-2013,13.3142857142857,0
06-May-2013,13.7285714285714,0
07-May-2013,17.1714285714286,0
08-May-2013,17.9285714285714,0
09-May-2013,16.2285714285714,3.98571428571429
10-May-2013,14.3428571428571,16.2857142857143
11-May-2013,16.6857142857143,0.0142857142857143
12-May-2013,18.1857142857143,0.871428571428571
13-May-2013,19.8428571428571,0
14-May-2013,17.6428571428571,0.0142857142857143
15-May-2013,18.3285714285714,0
16-May-2013,19.6285714285714,0
17-May-2013,18.2285714285714,0
18-May-2013,16.4142857142857,10.6
19-May-2013,16.4571428571429,16.2571428571429
20-May-2013,14.1571428571429,0
21-May-2013,15.5142857142857,0
22-May-2013,17.3142857142857,0
23-May-2013,19.6285714285714,0
24-May-2013,19.6,0
25-May-2013,22.4571428571429,0
26-May-2013,22.5857142857143,0
27-May-2013,18.8571428571429,44.7714285714286
28-May-2013,18.2142857142857,17.5142857142857
29-May-2013,15.9,2.54285714285714
30-May-2013,17.5571428571429,0
31-May-2013,19.0285714285714,0
01-Jun-2013,19.9857142857143,0
02-Jun-2013,20.6857142857143,0
03-Jun-2013,19.1428571428571,0
04-Jun-2013,20.8,0.214285714285714
05-Jun-2013,22.4428571428571,0
06-Jun-2013,22.6857142857143,0.0142857142857143
07-Jun-2013,23.4285714285714,0
08-Jun-2013,24.2857142857143,0
09-Jun-2013,24.7571428571429,0
10-Jun-2013,24.1857142857143,0
11-Jun-2013,21.5,4.41428571428571
12-Jun-2013,19.6285714285714,8.27142857142857
13-Jun-2013,22.0571428571429,0.0285714285714286
14-Jun-2013,23.4142857142857,0
15-Jun-2013,23.4,0.0571428571428571
16-Jun-2013,22.3142857142857,0
17-Jun-2013,21.6142857142857,0.2
18-Jun-2013,21.3428571428571,9.18571428571429
19-Jun-2013,23.2,0.0142857142857143
20-Jun-2013,24.1285714285714,0
21-Jun-2013,24.5285714285714,0.285714285714286
22-Jun-2013,23.4142857142857,2.21428571428571
23-Jun-2013,22.0285714285714,0.971428571428571
24-Jun-2013,22.9142857142857,0.0571428571428571
25-Jun-2013,23.3285714285714,3.6
26-Jun-2013,23.8,2.78571428571429
27-Jun-2013,23.9857142857143,5.57142857142857
28-Jun-2013,23.9285714285714,6.54285714285714
29-Jun-2013,25.0285714285714,0
30-Jun-2013,25.9285714285714,0
01-Jul-2013,25.3857142857143,0
02-Jul-2013,23.6571428571429,53.1428571428571
03-Jul-2013,24.4714285714286,0
04-Jul-2013,24.6,4.12857142857143
05-Jul-2013,24.8571428571429,4.68571428571429
06-Jul-2013,24.7428571428571,0
07-Jul-2013,24.5285714285714,4.02857142857143
08-Jul-2013,23.3857142857143,95.1
09-Jul-2013,24.7,7.47142857142857
10-Jul-2013,24.3428571428571,15.2142857142857
11-Jul-2013,24.1142857142857,53.2428571428571
12-Jul-2013,23.2428571428571,42.4428571428571
13-Jul-2013,23.0714285714286,65.8857142857143
14-Jul-2013,23.6571428571429,86.7142857142857
15-Jul-2013,24.2285714285714,52.0285714285714
16-Jul-2013,25.5142857142857,8.94285714285714
17-Jul-2013,24.8428571428571,10.2142857142857
18-Jul-2013,24.2142857142857,18.8428571428571
19-Jul-2013,26.0142857142857,0
20-Jul-2013,26.0714285714286,14.3714285714286
21-Jul-2013,25.2714285714286,13.0857142857143
22-Jul-2013,25,47.6571428571429
23-Jul-2013,25.1,45.7714285714286
24-Jul-2013,24.9428571428571,17.4285714285714
25-Jul-2013,24.8428571428571,0.128571428571429
26-Jul-2013,25.1142857142857,0
27-Jul-2013,25.0571428571429,0.385714285714286
28-Jul-2013,24.1,19.0285714285714
29-Jul-2013,26.3285714285714,10.5142857142857
30-Jul-2013,25.8,1.65714285714286
31-Jul-2013,25.7142857142857,27.7857142857143
01-Aug-2013,26.3714285714286,0.0714285714285714
02-Aug-2013,25.8857142857143,4.37142857142857
03-Aug-2013,27.5142857142857,1.42857142857143
04-Aug-2013,27.3,4.81428571428571
05-Aug-2013,26.3,11.2
06-Aug-2013,25.6285714285714,22.9857142857143
07-Aug-2013,27.8428571428571,0
08-Aug-2013,28.5571428571429,0.142857142857143
09-Aug-2013,28.4,18.1714285714286
10-Aug-2013,27.0714285714286,5.44285714285714
11-Aug-2013,27.5428571428571,0
12-Aug-2013,28.0428571428571,1.61428571428571
13-Aug-2013,27.7142857142857,0
14-Aug-2013,27.4857142857143,0
15-Aug-2013,27.5714285714286,0.585714285714286
16-Aug-2013,27.6714285714286,3.75714285714286
17-Aug-2013,27.8,0.0857142857142857
18-Aug-2013,27.2285714285714,3.08571428571429
19-Aug-2013,26.8285714285714,13.2714285714286
20-Aug-2013,25.6,0
21-Aug-2013,26.4142857142857,0
22-Aug-2013,27.3,0
23-Aug-2013,25.1428571428571,31.2857142857143
24-Aug-2013,25.0428571428571,0
25-Aug-2013,24.8714285714286,0
26-Aug-2013,24.8428571428571,0
27-Aug-2013,23.8,0
28-Aug-2013,24.7571428571429,0
29-Aug-2013,24.5857142857143,40.6571428571429
30-Aug-2013,24.5428571428571,0.0285714285714286
31-Aug-2013,22.5285714285714,0
01-Sep-2013,21.9285714285714,0.0714285714285714
02-Sep-2013,20.5,0
03-Sep-2013,19.5571428571429,0
04-Sep-2013,19.8857142857143,0
05-Sep-2013,18.9285714285714,0
06-Sep-2013,19.6714285714286,0.728571428571429
07-Sep-2013,20.3571428571429,0
08-Sep-2013,20.8571428571429,0
09-Sep-2013,21.5142857142857,0
10-Sep-2013,20.9857142857143,4.41428571428571
11-Sep-2013,19.8428571428571,18.7571428571429
12-Sep-2013,22.2,1.07142857142857
13-Sep-2013,21.7714285714286,55.5285714285714
14-Sep-2013,22.1571428571429,20.5857142857143
15-Sep-2013,21.7714285714286,0
16-Sep-2013,19.0285714285714,0
17-Sep-2013,20.1857142857143,0
18-Sep-2013,22.1428571428571,0
19-Sep-2013,22.3285714285714,0
20-Sep-2013,21.9142857142857,0
21-Sep-2013,22.5,0
22-Sep-2013,21.7428571428571,0
23-Sep-2013,21.5,0
24-Sep-2013,20.5285714285714,8.08571428571429
25-Sep-2013,18.3,0.914285714285714
26-Sep-2013,15.4142857142857,0
27-Sep-2013,15.5285714285714,0
28-Sep-2013,15.7428571428571,4.74285714285714
29-Sep-2013,16.2142857142857,18.7142857142857
30-Sep-2013,18.9714285714286,1.3
01-Oct-2013,19.4428571428571,0
02-Oct-2013,18,0.0857142857142857
03-Oct-2013,14.5142857142857,0
04-Oct-2013,14.5142857142857,0
05-Oct-2013,17.3571428571429,0
06-Oct-2013,18.7714285714286,0.0428571428571429
07-Oct-2013,20.7571428571429,0
08-Oct-2013,18.2428571428571,4.57142857142857
09-Oct-2013,18.4571428571429,0.142857142857143
10-Oct-2013,18.9571428571429,0
11-Oct-2013,17.3714285714286,1.57142857142857
12-Oct-2013,14.5142857142857,0
13-Oct-2013,14.4142857142857,0
14-Oct-2013,15.4714285714286,0
15-Oct-2013,11.1142857142857,4.84285714285714
16-Oct-2013,9.97142857142857,0
17-Oct-2013,9.74285714285714,0
18-Oct-2013,11.0142857142857,0
19-Oct-2013,12.3142857142857,0
20-Oct-2013,15.1571428571429,0.0714285714285714
21-Oct-2013,14.1428571428571,0
22-Oct-2013,13.6428571428571,0
23-Oct-2013,13.7285714285714,0
24-Oct-2013,11.3,0
25-Oct-2013,7.81428571428571,0
26-Oct-2013,8,0
27-Oct-2013,9.01428571428571,0
28-Oct-2013,9.22857142857143,0
29-Oct-2013,11.2857142857143,1.8
30-Oct-2013,9.02857142857143,0
31-Oct-2013,9.1,0
01-Nov-2013,11.7285714285714,0
02-Nov-2013,9.88571428571429,7.34285714285714
03-Nov-2013,10.8285714285714,0.585714285714286
04-Nov-2013,10.4714285714286,0.0857142857142857
05-Nov-2013,9.67142857142857,0
06-Nov-2013,10.6142857142857,3.31428571428571
07-Nov-2013,11.3714285714286,0.957142857142857
08-Nov-2013,6.62857142857143,0
09-Nov-2013,8.9,9.3
10-Nov-2013,5.51428571428571,0.114285714285714
11-Nov-2013,1.8,0
12-Nov-2013,1.81428571428571,0
13-Nov-2013,2.38571428571429,0
14-Nov-2013,4.9,0.342857142857143
15-Nov-2013,6.48571428571429,1.92857142857143
16-Nov-2013,5.48571428571429,2.92857142857143
17-Nov-2013,4.75714285714286,1.31428571428571
18-Nov-2013,1.05714285714286,0
19-Nov-2013,0.4,0
20-Nov-2013,0.514285714285714,0
21-Nov-2013,0.842857142857143,0
22-Nov-2013,2.24285714285714,0
23-Nov-2013,3.81428571428571,0
24-Nov-2013,5.64285714285714,15.5
25-Nov-2013,4.58571428571429,9.14285714285714
26-Nov-2013,1.4,0.814285714285714
27-Nov-2013,-0.814285714285714,3.84285714285714
28-Nov-2013,-4.91428571428572,0
29-Nov-2013,-2.62857142857143,0
30-Nov-2013,2.85714285714286,0
01-Dec-2013,1.75714285714286,0
02-Dec-2013,2.25714285714286,0
03-Dec-2013,4.15714285714286,0
04-Dec-2013,2.28571428571429,0
05-Dec-2013,2.92857142857143,0
06-Dec-2013,1.27142857142857,0
07-Dec-2013,2.88571428571429,0.0571428571428571
08-Dec-2013,1.9,0.214285714285714
09-Dec-2013,2.48571428571429,13.5285714285714
10-Dec-2013,-0.442857142857143,0.571428571428571
11-Dec-2013,-2.37142857142857,4.34285714285714
12-Dec-2013,-4.92857142857143,6.1
13-Dec-2013,-8.37142857142857,0
14-Dec-2013,-7.67142857142857,0.628571428571428
15-Dec-2013,-7.27142857142857,0
16-Dec-2013,-6.65714285714286,0
17-Dec-2013,-2.87142857142857,0
18-Dec-2013,0.828571428571429,0.628571428571429
19-Dec-2013,-3.47142857142857,0.971428571428572
20-Dec-2013,-5.3,0.0571428571428571
21-Dec-2013,-5.34285714285714,0
22-Dec-2013,-5.02857142857143,0
23-Dec-2013,-3.28571428571429,0
24-Dec-2013,-4.5,0
25-Dec-2013,-3.58571428571429,0
26-Dec-2013,-2.18571428571429,0.6
27-Dec-2013,-6.72857142857143,0
28-Dec-2013,-8.37142857142857,0
29-Dec-2013,-4.44285714285714,0.114285714285714
30-Dec-2013,1.77142857142857,0
31-Dec-2013,2.98571428571429,0
01-Jan-2014,3.42857142857143,0.0142857142857143
02-Jan-2014,-0.314285714285714,0
03-Jan-2014,-0.242857142857143,0
04-Jan-2014,-1.24285714285714,0
05-Jan-2014,-1.82857142857143,0
06-Jan-2014,-1.55714285714286,0
07-Jan-2014,1,0.0285714285714286
08-Jan-2014,-0.0285714285714286,0.0714285714285714
09-Jan-2014,-8.01428571428572,0
10-Jan-2014,-6.8,0
11-Jan-2014,-3.08571428571429,0
12-Jan-2014,-3.32857142857143,0.0285714285714286
13-Jan-2014,-7.81428571428571,0
14-Jan-2014,-6.51428571428571,0
15-Jan-2014,-5.28571428571429,0
16-Jan-2014,-2.41428571428571,0
17-Jan-2014,-2.85714285714286,0
18-Jan-2014,-3.87142857142857,0
19-Jan-2014,-4.14285714285714,0.0142857142857143
20-Jan-2014,-1.94285714285714,3.78571428571429
21-Jan-2014,-6.04285714285714,0
22-Jan-2014,-5.45714285714286,0
23-Jan-2014,-2.25714285714286,0
24-Jan-2014,3.08571428571429,0
25-Jan-2014,3.04285714285714,2.85714285714286
26-Jan-2014,-2.55714285714286,0
27-Jan-2014,-1.47142857142857,0
28-Jan-2014,0.557142857142857,0.5
29-Jan-2014,-0.742857142857143,0
30-Jan-2014,2.68571428571429,1.82857142857143
31-Jan-2014,-0.828571428571429,0
01-Feb-2014,1.94285714285714,13.6857142857143
02-Feb-2014,3.04285714285714,0.557142857142857
03-Feb-2014,-3.42857142857143,0
04-Feb-2014,-7.72857142857143,0
05-Feb-2014,-6.4,0
06-Feb-2014,-2.78571428571429,0
07-Feb-2014,0.7,0.0714285714285714
08-Feb-2014,-0.742857142857143,3.72857142857143
09-Feb-2014,-2.05714285714286,0.514285714285714
10-Feb-2014,-1.64285714285714,0
11-Feb-2014,-2.2,0
12-Feb-2014,-1.15714285714286,0
13-Feb-2014,-0.2,0
14-Feb-2014,0.885714285714286,0
15-Feb-2014,0.471428571428571,0
16-Feb-2014,0.557142857142857,0
17-Feb-2014,2.15714285714286,0
18-Feb-2014,0.971428571428571,0
19-Feb-2014,-0.0285714285714286,0
20-Feb-2014,-0.0857142857142857,0
21-Feb-2014,-0.414285714285714,0
22-Feb-2014,0.285714285714286,0
23-Feb-2014,1.01428571428571,0
24-Feb-2014,2.08571428571429,0
25-Feb-2014,2.85714285714286,0
26-Feb-2014,5.5,0
27-Feb-2014,5.42857142857143,0
28-Feb-2014,4.51428571428572,0
01-Mar-2014,4.7,0
02-Mar-2014,3.54285714285714,0
03-Mar-2014,2.68571428571429,0
04-Mar-2014,4.14285714285714,0
05-Mar-2014,1.22857142857143,0.0428571428571429
06-Mar-2014,-0.714285714285714,0
07-Mar-2014,-1.07142857142857,0
08-Mar-2014,1.1,0
09-Mar-2014,1.18571428571429,1.17142857142857
10-Mar-2014,0.657142857142857,0
11-Mar-2014,3.07142857142857,0
12-Mar-2014,5.52857142857143,0.314285714285714
13-Mar-2014,3.77142857142857,0
14-Mar-2014,2.38571428571429,0
15-Mar-2014,5.58571428571429,0
16-Mar-2014,9.74285714285715,0
17-Mar-2014,10.7,1.81428571428571
18-Mar-2014,10.4,1.08571428571429
19-Mar-2014,7.92857142857143,0
20-Mar-2014,5.2,1.44285714285714
21-Mar-2014,4.38571428571429,0
22-Mar-2014,6.17142857142857,0
23-Mar-2014,7.78571428571429,0
24-Mar-2014,9.22857142857143,0
25-Mar-2014,13.1571428571429,0
26-Mar-2014,13.9857142857143,0.0428571428571429
27-Mar-2014,11.5571428571429,0
28-Mar-2014,14.0428571428571,0
29-Mar-2014,13.5571428571429,1.21428571428571
30-Mar-2014,12.8428571428571,0.671428571428571
31-Mar-2014,12.2714285714286,0
01-Apr-2014,13.1571428571429,0
02-Apr-2014,13.3142857142857,0
03-Apr-2014,8.05714285714286,4.9
04-Apr-2014,5.25714285714286,0.0142857142857143
05-Apr-2014,4.24285714285714,0.642857142857143
06-Apr-2014,6.55714285714286,0
07-Apr-2014,9.37142857142857,0
08-Apr-2014,10.3142857142857,0
09-Apr-2014,9.95714285714286,0
10-Apr-2014,11.4428571428571,0
11-Apr-2014,11.8571428571429,0
12-Apr-2014,13.1571428571429,0.0285714285714286
13-Apr-2014,15.4428571428571,0
14-Apr-2014,14.4857142857143,0
15-Apr-2014,12.0428571428571,0
16-Apr-2014,13.2571428571429,0
17-Apr-2014,13.3428571428571,1.2
18-Apr-2014,14.5428571428571,0
19-Apr-2014,12.5285714285714,0
20-Apr-2014,13.4857142857143,0
21-Apr-2014,13.4714285714286,0
22-Apr-2014,14.3428571428571,0
23-Apr-2014,14.6857142857143,0
24-Apr-2014,15.7428571428571,0
25-Apr-2014,16.1857142857143,0
26-Apr-2014,16.4714285714286,0
27-Apr-2014,14.3,8.18571428571429
28-Apr-2014,13.6714285714286,9.17142857142857
29-Apr-2014,14.2142857142857,1.82857142857143
30-Apr-2014,14.8428571428571,0.0142857142857143
01-May-2014,14.7142857142857,0
02-May-2014,14.4857142857143,1.02857142857143
03-May-2014,12.6,0
04-May-2014,11.0857142857143,0.528571428571429
05-May-2014,9.9,0.1
06-May-2014,11.0857142857143,0.0142857142857143
07-May-2014,13.7857142857143,1.75714285714286
08-May-2014,14.2285714285714,8.04285714285714
09-May-2014,14.7428571428571,0
10-May-2014,17.6857142857143,0
11-May-2014,16.6428571428571,30.8714285714286
12-May-2014,15.2857142857143,11.9
13-May-2014,18.0714285714286,0
14-May-2014,18.8428571428571,0
15-May-2014,17.5571428571429,0.442857142857143
16-May-2014,17.3428571428571,0
17-May-2014,17.7857142857143,0
18-May-2014,18.0714285714286,0
19-May-2014,17.7571428571429,0
20-May-2014,19.8285714285714,0
21-May-2014,19.0428571428571,0.0714285714285714
22-May-2014,18.7571428571429,0
23-May-2014,19.4,0
24-May-2014,20.3571428571429,0
25-May-2014,19.4571428571429,17.6428571428571
26-May-2014,18.9,0.814285714285714
27-May-2014,21.3142857142857,0
28-May-2014,22,0
29-May-2014,21.5571428571429,0
30-May-2014,22.4428571428571,0
31-May-2014,23.5714285714286,0
01-Jun-2014,22.8714285714286,0
02-Jun-2014,21.4142857142857,2
03-Jun-2014,19.1571428571429,10.3428571428571
04-Jun-2014,21.6571428571429,0.0714285714285714
05-Jun-2014,21.4571428571429,0
06-Jun-2014,23.1428571428571,0
07-Jun-2014,21.8428571428571,0.328571428571429
08-Jun-2014,20.5285714285714,0.5
09-Jun-2014,21.5285714285714,0.5
10-Jun-2014,21.7428571428571,11.6142857142857
11-Jun-2014,20.2714285714286,6.72857142857143
12-Jun-2014,20.2428571428571,0.0428571428571429
13-Jun-2014,19.7142857142857,0.771428571428571
14-Jun-2014,21.1142857142857,0
15-Jun-2014,21.9285714285714,0
16-Jun-2014,22.4142857142857,0.0428571428571429
17-Jun-2014,22.6857142857143,5.25714285714286
18-Jun-2014,22.5857142857143,0
19-Jun-2014,21.4714285714286,0.785714285714286
20-Jun-2014,22.1714285714286,0.628571428571429
21-Jun-2014,22,1.4
22-Jun-2014,22.1857142857143,3.84285714285714
23-Jun-2014,20.4142857142857,7.48571428571428
24-Jun-2014,21.5857142857143,3
25-Jun-2014,22.8285714285714,0
26-Jun-2014,23.4428571428571,0
27-Jun-2014,23.2,0
28-Jun-2014,22.2571428571429,3.52857142857143
29-Jun-2014,22.7571428571429,0
30-Jun-2014,23.1857142857143,3.27142857142857
01-Jul-2014,24.5571428571429,0
02-Jul-2014,23.8857142857143,20.9285714285714
03-Jul-2014,21.0428571428571,15.0142857142857
04-Jul-2014,24.7,0.0142857142857143
05-Jul-2014,24.0857142857143,0
06-Jul-2014,24.2571428571429,0
07-Jul-2014,24.8,0
08-Jul-2014,24.2285714285714,0.585714285714286
09-Jul-2014,25.7714285714286,9.52857142857143
10-Jul-2014,26.7285714285714,0
11-Jul-2014,25.3285714285714,0
12-Jul-2014,24.2857142857143,0
13-Jul-2014,24.4571428571429,0
14-Jul-2014,24.8857142857143,0
15-Jul-2014,24.7857142857143,3.91428571428571
16-Jul-2014,24.8714285714286,0.157142857142857
17-Jul-2014,25.0714285714286,0.0142857142857143
18-Jul-2014,25.5571428571429,0.5
19-Jul-2014,25.9428571428571,0.785714285714286
20-Jul-2014,26.8428571428571,0
21-Jul-2014,26.3142857142857,0
22-Jul-2014,25.0142857142857,14.7428571428571
23-Jul-2014,23.9142857142857,20.5142857142857
24-Jul-2014,22.4571428571429,24.2571428571429
25-Jul-2014,25.1,47.4857142857143
26-Jul-2014,22.2142857142857,6.62857142857143
27-Jul-2014,23.7142857142857,0.8
28-Jul-2014,24.4428571428571,0
29-Jul-2014,25.0714285714286,0.0857142857142857
30-Jul-2014,26.2571428571429,0.0285714285714286
31-Jul-2014,27.2857142857143,1.44285714285714
01-Aug-2014,28.4571428571429,0.0428571428571429
02-Aug-2014,29.2428571428571,0.357142857142857
03-Aug-2014,25.5857142857143,10.4285714285714
04-Aug-2014,25.7142857142857,3.6
05-Aug-2014,26.1428571428571,0.2
06-Aug-2014,23.7428571428571,3.3
07-Aug-2014,24.0142857142857,4.88571428571429
08-Aug-2014,24.5,0
09-Aug-2014,24.4714285714286,0
10-Aug-2014,21.8428571428571,27.5428571428571
11-Aug-2014,22.3,0.0714285714285714
12-Aug-2014,23.8428571428571,0
13-Aug-2014,22.3,2.7
14-Aug-2014,21.0571428571429,1.12857142857143
15-Aug-2014,23.6142857142857,0
16-Aug-2014,24.7428571428571,0.0714285714285714
17-Aug-2014,22.2428571428571,2.1
18-Aug-2014,21.2571428571429,12.5571428571429
19-Aug-2014,20.9142857142857,9.5
20-Aug-2014,23.3285714285714,0.1
21-Aug-2014,21.8428571428571,43.5857142857143
22-Aug-2014,23.4571428571429,0.757142857142857
23-Aug-2014,23.9857142857143,0.2
24-Aug-2014,23.5571428571429,0.128571428571429
25-Aug-2014,24.6428571428571,0.0142857142857143
26-Aug-2014,23.3571428571429,6.11428571428571
27-Aug-2014,22.2857142857143,0
28-Aug-2014,22.7428571428571,0
29-Aug-2014,23.0428571428571,0.7
30-Aug-2014,22.5285714285714,0.142857142857143
31-Aug-2014,21.8285714285714,0
01-Sep-2014,22.8285714285714,0
02-Sep-2014,21.8,3.85714285714286
03-Sep-2014,18.7142857142857,68.1857142857143
04-Sep-2014,21.3571428571429,0.757142857142857
05-Sep-2014,22.1571428571429,0
06-Sep-2014,23.1428571428571,0
07-Sep-2014,22.8142857142857,0
08-Sep-2014,22.9142857142857,0
09-Sep-2014,21.3714285714286,0.0714285714285714
10-Sep-2014,20.4,0
11-Sep-2014,20.8571428571429,0
12-Sep-2014,19.9285714285714,1.1
13-Sep-2014,20.9428571428571,0
14-Sep-2014,20.7857142857143,0
15-Sep-2014,21.0428571428571,0
16-Sep-2014,19.0142857142857,0
17-Sep-2014,18.8857142857143,0
18-Sep-2014,18.2714285714286,0
19-Sep-2014,18.3285714285714,0
20-Sep-2014,18.7,0
21-Sep-2014,17.6571428571429,0.0142857142857143
22-Sep-2014,19.1,0
23-Sep-2014,20.3428571428571,0
24-Sep-2014,18.8571428571429,2.88571428571429
25-Sep-2014,19.8142857142857,0
26-Sep-2014,19.1142857142857,0.628571428571428
27-Sep-2014,19.7857142857143,0
28-Sep-2014,20.4285714285714,1.38571428571429
29-Sep-2014,18.5714285714286,9.77142857142857
30-Sep-2014,16.9428571428571,0
01-Oct-2014,16.7142857142857,0
02-Oct-2014,16.8285714285714,20.6285714285714
03-Oct-2014,15.6428571428571,0
04-Oct-2014,15.1857142857143,0
05-Oct-2014,14.9714285714286,0
06-Oct-2014,13.9428571428571,0
07-Oct-2014,13.9285714285714,0
08-Oct-2014,14.1,0
09-Oct-2014,15.5285714285714,0
10-Oct-2014,16.6714285714286,0
11-Oct-2014,17.2428571428571,0
12-Oct-2014,18.3428571428571,0
13-Oct-2014,15,0
14-Oct-2014,11.2428571428571,0
15-Oct-2014,11.1714285714286,0
16-Oct-2014,11.7,2.68571428571429
17-Oct-2014,10.6142857142857,0
18-Oct-2014,12.9428571428571,0
19-Oct-2014,14.5571428571429,0
20-Oct-2014,13.8857142857143,20.0142857142857
21-Oct-2014,13.1,12.6285714285714
22-Oct-2014,11.6857142857143,0
23-Oct-2014,11,0
24-Oct-2014,13.0285714285714,0
25-Oct-2014,14.3571428571429,0
26-Oct-2014,14.0285714285714,1.07142857142857
27-Oct-2014,9.27142857142857,0
28-Oct-2014,7.4,0
29-Oct-2014,9.17142857142857,0
30-Oct-2014,11.4142857142857,0
31-Oct-2014,13.9857142857143,0.0285714285714286
01-Nov-2014,15.9428571428571,0
02-Nov-2014,11.2428571428571,1.54285714285714
03-Nov-2014,7.6,0
04-Nov-2014,8.34285714285714,0
05-Nov-2014,9.68571428571429,0
06-Nov-2014,11.2142857142857,0.185714285714286
07-Nov-2014,7.61428571428571,0
08-Nov-2014,8,0
09-Nov-2014,8.35714285714286,0
10-Nov-2014,6.52857142857143,0
11-Nov-2014,7.52857142857143,2.1
12-Nov-2014,5.6,3.17142857142857
13-Nov-2014,-0.557142857142857,0
14-Nov-2014,2.41428571428571,0.0285714285714286
15-Nov-2014,1.95714285714286,0
16-Nov-2014,4.47142857142857,1.14285714285714
17-Nov-2014,4.42857142857143,0.342857142857143
18-Nov-2014,2.22857142857143,0
19-Nov-2014,2.38571428571429,0
20-Nov-2014,5.01428571428571,0
21-Nov-2014,10.0285714285714,1.14285714285714
22-Nov-2014,9.68571428571429,6.05714285714286
23-Nov-2014,6.62857142857143,0
24-Nov-2014,7.4,0
25-Nov-2014,8.84285714285714,0
26-Nov-2014,8.2,0
27-Nov-2014,7.05714285714286,0
28-Nov-2014,6.61428571428571,15.6142857142857
29-Nov-2014,6.72857142857143,0.0142857142857143
30-Nov-2014,7.3,6.94285714285714
01-Dec-2014,-1.34285714285714,0.4
02-Dec-2014,-6,0.0142857142857143
03-Dec-2014,-3.64285714285714,0.428571428571429
04-Dec-2014,-5.2,0
05-Dec-2014,-7.11428571428571,0
06-Dec-2014,-6.7,0
07-Dec-2014,-5.15714285714286,0.128571428571429
08-Dec-2014,-3.25714285714286,0.242857142857143
09-Dec-2014,-4.85714285714286,0
10-Dec-2014,-1.17142857142857,1.38571428571429
11-Dec-2014,-2.07142857142857,0.171428571428571
12-Dec-2014,-5.01428571428571,0.128571428571429
13-Dec-2014,-6.17142857142857,0
14-Dec-2014,-5.4,0.0285714285714286
15-Dec-2014,-1.08571428571429,6.14285714285714
16-Dec-2014,-5.18571428571429,0.7
17-Dec-2014,-9.67142857142857,0
18-Dec-2014,-10.8428571428571,0
19-Dec-2014,-5.71428571428571,1.1
20-Dec-2014,-2.34285714285714,2.11428571428571
21-Dec-2014,-8.38571428571429,0.114285714285714
22-Dec-2014,-7.3,0.371428571428571
23-Dec-2014,-3.48571428571429,0
24-Dec-2014,1.08571428571429,0.128571428571429
25-Dec-2014,-4.02857142857143,0
26-Dec-2014,-6.08571428571428,0
27-Dec-2014,-4.98571428571429,0
28-Dec-2014,-2.5,0
29-Dec-2014,0.542857142857143,0
30-Dec-2014,0.2,0
31-Dec-2014,-2.72857142857143,0.0285714285714286
01-Jan-2015,-8.1,0
02-Jan-2015,-7.28571428571428,0
03-Jan-2015,-4.71428571428571,0
04-Jan-2015,0.885714285714286,0.0285714285714286
05-Jan-2015,1.04285714285714,0.6
06-Jan-2015,-3.1,1.68571428571429
07-Jan-2015,-6.98571428571428,0
08-Jan-2015,-7.32857142857143,0
09-Jan-2015,-4.72857142857143,0
10-Jan-2015,-1.98571428571429,0
11-Jan-2015,-0.6,0.285714285714286
12-Jan-2015,-5.11428571428571,0
13-Jan-2015,-3.95714285714286,0
14-Jan-2015,-0.428571428571429,0
15-Jan-2015,0.714285714285714,0
16-Jan-2015,-0.657142857142857,0.385714285714286
17-Jan-2015,-4.54285714285714,0
18-Jan-2015,-3.05714285714286,4.88571428571429
19-Jan-2015,-0.842857142857143,0.285714285714286
20-Jan-2015,-4.14285714285714,0
21-Jan-2015,-0.242857142857143,0
22-Jan-2015,1.44285714285714,0
23-Jan-2015,-0.757142857142857,0
24-Jan-2015,1.35714285714286,0
25-Jan-2015,0.9,6.6
26-Jan-2015,2.67142857142857,0.957142857142857
27-Jan-2015,-3.15714285714286,0
28-Jan-2015,-5.01428571428571,0
29-Jan-2015,-3.31428571428571,0
30-Jan-2015,-3.71428571428571,0
31-Jan-2015,-6.01428571428571,0
01-Feb-2015,-4.82857142857143,0
02-Feb-2015,-3.11428571428571,0
03-Feb-2015,-1.92857142857143,0
04-Feb-2015,-1.64285714285714,0
05-Feb-2015,-1.47142857142857,0
06-Feb-2015,-1.31428571428571,0
07-Feb-2015,-0.0428571428571429,0.0857142857142857
08-Feb-2015,-9.28571428571429,0.0285714285714286
09-Feb-2015,-6.31428571428571,0.0714285714285714
10-Feb-2015,-0.271428571428571,0
11-Feb-2015,0.971428571428571,0
12-Feb-2015,-2.84285714285714,0
13-Feb-2015,-2.91428571428571,0
14-Feb-2015,0.4,0.0428571428571429
15-Feb-2015,6.31428571428571,0
16-Feb-2015,3.77142857142857,9.98571428571429
17-Feb-2015,1.58571428571429,1.01428571428571
18-Feb-2015,0.714285714285714,0.142857142857143
19-Feb-2015,0.628571428571429,0
20-Feb-2015,2.85714285714286,0
21-Feb-2015,4.17142857142857,7.54285714285714
22-Feb-2015,3.48571428571429,1.64285714285714
23-Feb-2015,0.514285714285714,0
24-Feb-2015,0.785714285714286,0
25-Feb-2015,3.74285714285714,1.22857142857143
26-Feb-2015,0.785714285714286,0.357142857142857
27-Feb-2015,-2.21428571428571,0
28-Feb-2015,1.2,0
01-Mar-2015,2.1,0.0428571428571429
02-Mar-2015,2.07142857142857,0
03-Mar-2015,1.81428571428571,3.84285714285714
04-Mar-2015,-2.18571428571429,0
05-Mar-2015,-1.74285714285714,0
06-Mar-2015,0.457142857142857,0
07-Mar-2015,1.94285714285714,0
08-Mar-2015,5.45714285714286,0
09-Mar-2015,1.95714285714286,0
10-Mar-2015,-3.37142857142857,0
11-Mar-2015,-0.3,0.0142857142857143
12-Mar-2015,1.58571428571429,0
13-Mar-2015,3.92857142857143,0.0714285714285714
14-Mar-2015,2.55714285714286,0
15-Mar-2015,3.4,0
16-Mar-2015,6.68571428571429,0
17-Mar-2015,8.22857142857143,0.0142857142857143
18-Mar-2015,9.32857142857143,0.657142857142857
19-Mar-2015,10.9857142857143,0
20-Mar-2015,11.2,0
21-Mar-2015,9.42857142857143,0
22-Mar-2015,6.71428571428571,0
23-Mar-2015,3.82857142857143,0
24-Mar-2015,3.71428571428571,0
25-Mar-2015,4.8,0
26-Mar-2015,6.67142857142857,0
27-Mar-2015,7.48571428571429,0
28-Mar-2015,8.14285714285714,0
29-Mar-2015,10.1714285714286,0
30-Mar-2015,11,0
31-Mar-2015,11.2857142857143,4.57142857142857
01-Apr-2015,10.8571428571429,2.08571428571429
02-Apr-2015,13.2142857142857,22.8
03-Apr-2015,11.0714285714286,4.9
04-Apr-2015,11.2571428571429,0.0142857142857143
05-Apr-2015,9.37142857142857,0.242857142857143
06-Apr-2015,9.62857142857143,0
07-Apr-2015,6.3,0.0714285714285714
08-Apr-2015,6.81428571428571,0
09-Apr-2015,7.57142857142857,0
10-Apr-2015,9.97142857142857,0
11-Apr-2015,11.4714285714286,0
12-Apr-2015,12.2857142857143,0
13-Apr-2015,10.8,2.94285714285714
14-Apr-2015,6.25714285714286,15.8142857142857
15-Apr-2015,9.44285714285714,1.61428571428571
16-Apr-2015,9.28571428571429,4.44285714285714
17-Apr-2015,9.68571428571429,0
18-Apr-2015,13.5571428571429,0
19-Apr-2015,13.3571428571429,13.5
20-Apr-2015,11.2428571428571,6.27142857142857
21-Apr-2015,11.8714285714286,0
22-Apr-2015,12.3714285714286,0.0285714285714286
23-Apr-2015,13.1,0
24-Apr-2015,14.6428571428571,0
25-Apr-2015,14.1,0
26-Apr-2015,16.0571428571429,0
27-Apr-2015,16.7714285714286,0
28-Apr-2015,18.1285714285714,0
29-Apr-2015,17.1142857142857,0.485714285714286
30-Apr-2015,19.9142857142857,0
01-May-2015,19.5285714285714,0
02-May-2015,19.3285714285714,0.671428571428571
03-May-2015,17.8,3.7
04-May-2015,15.8285714285714,0
05-May-2015,12.8714285714286,0
06-May-2015,13.6571428571429,0
07-May-2015,15.0428571428571,0
08-May-2015,15.1,0
09-May-2015,16.4285714285714,0
10-May-2015,16.6285714285714,0
11-May-2015,17.1285714285714,15.9142857142857
12-May-2015,13.2571428571429,8.17142857142857
13-May-2015,17.2,0
14-May-2015,18.9428571428571,0
15-May-2015,18.8,0
16-May-2015,16.8714285714286,0
17-May-2015,16.6,0
18-May-2015,16.0285714285714,0
19-May-2015,14.9,0.957142857142857
20-May-2015,15.7,0.0571428571428571
21-May-2015,17.6,0
22-May-2015,18.4857142857143,0
23-May-2015,18.9571428571429,0
24-May-2015,19.3,0
25-May-2015,19.4428571428571,0
26-May-2015,19.7,0
27-May-2015,20.4857142857143,0
28-May-2015,21.9428571428571,0
29-May-2015,22.0428571428571,0
30-May-2015,18.9428571428571,0.657142857142857
31-May-2015,19.8,0
01-Jun-2015,19.7857142857143,0
02-Jun-2015,21.4571428571429,0
03-Jun-2015,21.7428571428571,0
04-Jun-2015,21.4,0
05-Jun-2015,17.3714285714286,1.54285714285714
06-Jun-2015,20.3571428571429,0
07-Jun-2015,21.2857142857143,0
08-Jun-2015,20.5142857142857,0
09-Jun-2015,21.0285714285714,0
10-Jun-2015,23.3,0
11-Jun-2015,23.3428571428571,7.25714285714286
12-Jun-2015,22.1714285714286,0.557142857142857
13-Jun-2015,21.9714285714286,2.07142857142857
14-Jun-2015,21.5857142857143,10.6714285714286
15-Jun-2015,22.9857142857143,0
16-Jun-2015,22.7571428571429,1.38571428571429
17-Jun-2015,22.2571428571429,0.642857142857143
18-Jun-2015,22.9857142857143,0
19-Jun-2015,22.3714285714286,0
20-Jun-2015,18.3428571428571,12.1
21-Jun-2015,21.1285714285714,0
22-Jun-2015,22.7714285714286,0.928571428571429
23-Jun-2015,22.9714285714286,0.271428571428571
24-Jun-2015,23.3142857142857,3.35714285714286
25-Jun-2015,23,1.25714285714286
26-Jun-2015,19.9571428571429,19.9857142857143
27-Jun-2015,22.7714285714286,0.0571428571428571
28-Jun-2015,23.6714285714286,0
29-Jun-2015,24.3285714285714,0.0571428571428571
30-Jun-2015,23.1714285714286,0.6
01-Jul-2015,22.3142857142857,2.6
02-Jul-2015,21.5142857142857,0.714285714285714
03-Jul-2015,20.5714285714286,0.428571428571429
04-Jul-2015,21.9142857142857,0
05-Jul-2015,21.4857142857143,3.74285714285714
06-Jul-2015,22.8571428571429,0
07-Jul-2015,23,0
08-Jul-2015,22.3,3.72857142857143
09-Jul-2015,24.8285714285714,0
10-Jul-2015,26.4285714285714,0
11-Jul-2015,28.2714285714286,0.128571428571429
12-Jul-2015,24.2142857142857,39.8428571428571
13-Jul-2015,22.5285714285714,13.7857142857143
14-Jul-2015,24.8571428571429,0.0857142857142857
15-Jul-2015,24.8714285714286,0.457142857142857
16-Jul-2015,22.1714285714286,0
17-Jul-2015,21.6571428571429,0
18-Jul-2015,22.5285714285714,0.3
19-Jul-2015,23.4428571428571,6
20-Jul-2015,25.0142857142857,1.45714285714286
21-Jul-2015,24.9714285714286,2.57142857142857
22-Jul-2015,26.2142857142857,4.37142857142857
23-Jul-2015,26.0142857142857,28.7571428571429
24-Jul-2015,23.6714285714286,56.3571428571428
25-Jul-2015,24.1,57.3
26-Jul-2015,24.4857142857143,21.7285714285714
27-Jul-2015,25.3714285714286,0.728571428571429
28-Jul-2015,26.3714285714286,0.0571428571428571
29-Jul-2015,25.2857142857143,18.0285714285714
30-Jul-2015,27.5285714285714,0
31-Jul-2015,26.7428571428571,0.357142857142857
01-Aug-2015,25.8714285714286,13.9285714285714
02-Aug-2015,25.9571428571429,10.6142857142857
03-Aug-2015,26.9571428571429,0.714285714285714
04-Aug-2015,26.6142857142857,0
05-Aug-2015,26.5142857142857,1.48571428571429
06-Aug-2015,27.0428571428571,0
07-Aug-2015,27.7,5.27142857142857
08-Aug-2015,25.6857142857143,16.4857142857143
09-Aug-2015,25.3571428571429,0
10-Aug-2015,25.7,0
11-Aug-2015,25.4,3.44285714285714
12-Aug-2015,25.4428571428571,0
13-Aug-2015,24.3,7.62857142857143
14-Aug-2015,24.6285714285714,3.22857142857143
15-Aug-2015,25.7,0
16-Aug-2015,24.0714285714286,5.32857142857143
17-Aug-2015,24.8571428571429,0
18-Aug-2015,25.8,0
19-Aug-2015,24.8,0
20-Aug-2015,24.1428571428571,1.2
21-Aug-2015,24.2714285714286,0.314285714285714
22-Aug-2015,24.3428571428571,0.0714285714285714
23-Aug-2015,24.5857142857143,0
24-Aug-2015,24.6142857142857,0.157142857142857
25-Aug-2015,21.0142857142857,8.04285714285714
26-Aug-2015,21.1571428571429,0.557142857142857
27-Aug-2015,22.7714285714286,0.142857142857143
28-Aug-2015,21.7428571428571,0
29-Aug-2015,22.5285714285714,0
30-Aug-2015,23.0285714285714,0
31-Aug-2015,23.9714285714286,0.985714285714286
01-Sep-2015,23.5857142857143,0.0571428571428571
02-Sep-2015,21.8285714285714,18.2714285714286
03-Sep-2015,22.4714285714286,0.157142857142857
04-Sep-2015,23.0428571428571,0
05-Sep-2015,20.6,10.3857142857143
06-Sep-2015,20.3428571428571,0.285714285714286
07-Sep-2015,20.2714285714286,0.0142857142857143
08-Sep-2015,20.3571428571429,0
09-Sep-2015,19.9714285714286,0
10-Sep-2015,20.6142857142857,0
11-Sep-2015,19.4571428571429,1.01428571428571
12-Sep-2015,17.9142857142857,0
13-Sep-2015,18.2,0
14-Sep-2015,19.8142857142857,0
15-Sep-2015,20.2285714285714,0
16-Sep-2015,18.7285714285714,0
17-Sep-2015,18.9,0
18-Sep-2015,19.0285714285714,0
19-Sep-2015,19.7142857142857,0
20-Sep-2015,20,0
21-Sep-2015,19.9285714285714,0
22-Sep-2015,20.8142857142857,0
23-Sep-2015,20.2428571428571,0
24-Sep-2015,21.1428571428571,0
25-Sep-2015,20.6857142857143,0
26-Sep-2015,19.6,0
27-Sep-2015,18.7142857142857,0
28-Sep-2015,18.3857142857143,0
29-Sep-2015,19.2571428571429,0
30-Sep-2015,19.3428571428571,0
01-Oct-2015,15.2428571428571,28.2714285714286
02-Oct-2015,15.5,0
03-Oct-2015,17.9,0
04-Oct-2015,13.8857142857143,0
05-Oct-2015,15.4142857142857,0
06-Oct-2015,16.1428571428571,0
07-Oct-2015,16.9714285714286,0
08-Oct-2015,17.9714285714286,0
09-Oct-2015,14.9571428571429,0.442857142857143
10-Oct-2015,11.4285714285714,7.12857142857143
11-Oct-2015,9.65714285714286,2.71428571428571
12-Oct-2015,11.0142857142857,0
13-Oct-2015,12.7142857142857,0
14-Oct-2015,14.4571428571429,0
15-Oct-2015,15.3571428571429,0
16-Oct-2015,15.8571428571429,0
17-Oct-2015,15.8,0
18-Oct-2015,15.1428571428571,0
19-Oct-2015,15.8571428571429,0
20-Oct-2015,16.9571428571429,0
21-Oct-2015,16.3,0
22-Oct-2015,15.2142857142857,0
23-Oct-2015,15.3285714285714,0
24-Oct-2015,15.7571428571429,6.9
25-Oct-2015,13.3,0
26-Oct-2015,13.0285714285714,4.01428571428571
27-Oct-2015,11.6714285714286,21.8142857142857
28-Oct-2015,8.54285714285714,0
29-Oct-2015,6.42857142857143,0.814285714285714
30-Oct-2015,4.3,0
31-Oct-2015,3.68571428571429,0
01-Nov-2015,5.15714285714286,0
02-Nov-2015,8.72857142857143,0
03-Nov-2015,8.82857142857143,0
04-Nov-2015,9.08571428571429,0
05-Nov-2015,10.6,0
06-Nov-2015,11.9285714285714,4.31428571428571
07-Nov-2015,9.81428571428571,25.7142857142857
08-Nov-2015,10.5857142857143,16.4714285714286
09-Nov-2015,10.5714285714286,4.32857142857143
10-Nov-2015,9.6,0.157142857142857
11-Nov-2015,9.72857142857143,0
12-Nov-2015,12.4857142857143,0
13-Nov-2015,10.5142857142857,19.5285714285714
14-Nov-2015,12.3571428571429,6.18571428571429
15-Nov-2015,12.6571428571429,0
16-Nov-2015,11.3571428571429,7.92857142857143
17-Nov-2015,12.7142857142857,0.0714285714285714
18-Nov-2015,9.75714285714286,6.52857142857143
19-Nov-2015,7.9,0.171428571428571
20-Nov-2015,8.74285714285714,0.0285714285714286
21-Nov-2015,7.51428571428571,0
22-Nov-2015,8.07142857142857,2.7
23-Nov-2015,7.04285714285714,7.54285714285714
24-Nov-2015,5.14285714285714,0.971428571428571
25-Nov-2015,2.22857142857143,9.74285714285714
26-Nov-2015,-2.32857142857143,0.171428571428571
27-Nov-2015,-3,0
28-Nov-2015,-0.285714285714286,0.257142857142857
29-Nov-2015,1.75714285714286,3.82857142857143
30-Nov-2015,3.02857142857143,0.1
01-Dec-2015,2.04285714285714,0
02-Dec-2015,4.82857142857143,15.9
03-Dec-2015,-0.314285714285714,1.84285714285714
04-Dec-2015,-0.385714285714286,0
05-Dec-2015,2.9,0
06-Dec-2015,-0.3,0
07-Dec-2015,0.471428571428571,0
08-Dec-2015,1.2,0
09-Dec-2015,2.17142857142857,0
10-Dec-2015,5.22857142857143,0.428571428571429
11-Dec-2015,5.72857142857143,0
12-Dec-2015,2.15714285714286,0
13-Dec-2015,2.18571428571429,0
14-Dec-2015,3.25714285714286,1.74285714285714
15-Dec-2015,4.52857142857143,0.0285714285714286
16-Dec-2015,-0.814285714285714,0
17-Dec-2015,-5.01428571428571,0
18-Dec-2015,-4.75714285714286,0
19-Dec-2015,-2.27142857142857,0
20-Dec-2015,-1.1,0
21-Dec-2015,0.9,1.18571428571429
22-Dec-2015,1.1,0
23-Dec-2015,3.32857142857143,0.5
24-Dec-2015,0.471428571428571,0
25-Dec-2015,-1.3,0.142857142857143
26-Dec-2015,0.628571428571428,1.18571428571429
27-Dec-2015,-6.18571428571429,0
28-Dec-2015,-7.32857142857143,0
29-Dec-2015,-5.14285714285714,0
30-Dec-2015,-0.5,1.58571428571429
31-Dec-2015,0.214285714285714,0
01-Jan-2016,-0.1,0
02-Jan-2016,5.34285714285714,0
03-Jan-2016,4.02857142857143,0
04-Jan-2016,1.72857142857143,0
05-Jan-2016,-3.02857142857143,0
06-Jan-2016,-2.97142857142857,0
07-Jan-2016,-4.11428571428571,0
08-Jan-2016,-4.85714285714286,0
09-Jan-2016,-3.54285714285714,0
10-Jan-2016,-0.614285714285714,0
11-Jan-2016,-5.58571428571429,0
12-Jan-2016,-6.31428571428571,0
13-Jan-2016,-5.61428571428571,0.242857142857143
14-Jan-2016,-5.17142857142857,0
15-Jan-2016,-3.32857142857143,0
16-Jan-2016,-2.95714285714286,0.142857142857143
17-Jan-2016,-0.6,0
18-Jan-2016,-6.4,0.357142857142857
19-Jan-2016,-12.9,0
20-Jan-2016,-11.9714285714286,0
21-Jan-2016,-8.4,0
22-Jan-2016,-8.5,0
23-Jan-2016,-11.2428571428571,0
24-Jan-2016,-14.4428571428571,0
25-Jan-2016,-11.0428571428571,0
26-Jan-2016,-4.52857142857143,0.242857142857143
27-Jan-2016,-2.48571428571429,0
28-Jan-2016,-2.65714285714286,0
29-Jan-2016,0.671428571428571,0
30-Jan-2016,-0.0571428571428572,0
31-Jan-2016,-3.48571428571429,0
01-Feb-2016,-6.64285714285714,0
02-Feb-2016,-6.9,0
03-Feb-2016,-4.88571428571429,0
04-Feb-2016,-1.85714285714286,0
05-Feb-2016,-4,0
06-Feb-2016,-4.41428571428571,0
07-Feb-2016,-4.77142857142857,0
08-Feb-2016,-0.828571428571429,0.314285714285714
09-Feb-2016,-0.142857142857143,0.142857142857143
10-Feb-2016,-0.328571428571429,0
11-Feb-2016,5.11428571428571,0.8
12-Feb-2016,6.61428571428571,16.8571428571429
13-Feb-2016,8.98571428571429,24.7285714285714
14-Feb-2016,-1.75714285714286,1.7
15-Feb-2016,-5.6,0.0571428571428571
16-Feb-2016,-3.05714285714286,1.08571428571429
17-Feb-2016,-1.15714285714286,0
18-Feb-2016,3.34285714285714,0.385714285714286
19-Feb-2016,1.71428571428571,0.0285714285714286
20-Feb-2016,0.814285714285714,0
21-Feb-2016,-1.08571428571429,0
22-Feb-2016,0.285714285714286,0.128571428571429
23-Feb-2016,0.514285714285714,0.1
24-Feb-2016,-3,0
25-Feb-2016,-1.38571428571429,0.157142857142857
26-Feb-2016,0.485714285714286,0
27-Feb-2016,2.04285714285714,0
28-Feb-2016,-0.314285714285714,2.95714285714286
29-Feb-2016,-3.87142857142857,0
01-Mar-2016,-3.5,0
02-Mar-2016,2.2,0
03-Mar-2016,6.44285714285714,0
04-Mar-2016,10.3857142857143,0.257142857142857
05-Mar-2016,8.8,47.5571428571429
06-Mar-2016,7.3,0.0142857142857143
07-Mar-2016,6.24285714285714,0
08-Mar-2016,2.45714285714286,0
09-Mar-2016,0.314285714285714,0
10-Mar-2016,-0.8,0
11-Mar-2016,-0.871428571428571,0
12-Mar-2016,1.14285714285714,0
13-Mar-2016,2.51428571428571,0.642857142857143
14-Mar-2016,3.72857142857143,0
15-Mar-2016,4.17142857142857,0
16-Mar-2016,6.3,0
17-Mar-2016,7.14285714285714,0
18-Mar-2016,10.8571428571429,0
19-Mar-2016,9.62857142857143,0
20-Mar-2016,7.81428571428571,0
21-Mar-2016,7.92857142857143,0
22-Mar-2016,6.68571428571429,0
23-Mar-2016,6.64285714285714,0.142857142857143
24-Mar-2016,5.37142857142857,0
25-Mar-2016,4.94285714285714,0
26-Mar-2016,5.11428571428571,0
27-Mar-2016,5.97142857142857,0
28-Mar-2016,7.85714285714286,0
29-Mar-2016,10.2714285714286,0.414285714285714
30-Mar-2016,9.91428571428571,0
31-Mar-2016,11.3714285714286,0
01-Apr-2016,12.7,0
02-Apr-2016,13.0571428571429,0
03-Apr-2016,10.0142857142857,1.5
04-Apr-2016,11,0
05-Apr-2016,10,0
06-Apr-2016,13.1714285714286,0.8
07-Apr-2016,14.1428571428571,7.35714285714286
08-Apr-2016,10.5285714285714,0
09-Apr-2016,10.3714285714286,0.114285714285714
10-Apr-2016,11.7142857142857,0.0428571428571429
11-Apr-2016,10.5285714285714,0
12-Apr-2016,12.3285714285714,0
13-Apr-2016,14.3571428571429,0.342857142857143
14-Apr-2016,12.3857142857143,0
15-Apr-2016,13.5,0
16-Apr-2016,13.7142857142857,31.7857142857143
17-Apr-2016,11.1285714285714,25.8857142857143
18-Apr-2016,10.7285714285714,2.98571428571429
19-Apr-2016,11.5285714285714,0.1
20-Apr-2016,13.7714285714286,0.9
21-Apr-2016,13.3142857142857,18.1
22-Apr-2016,13.5428571428571,0
23-Apr-2016,12.6714285714286,0
24-Apr-2016,13.5857142857143,0
25-Apr-2016,15.3,0
26-Apr-2016,17.7571428571429,0
27-Apr-2016,14.3714285714286,0
28-Apr-2016,14.8142857142857,0
29-Apr-2016,14.8,0
30-Apr-2016,15.0714285714286,0.0428571428571429
01-May-2016,16.8142857142857,0
02-May-2016,19.7571428571429,10.4571428571429
03-May-2016,13.2285714285714,37.0857142857143
04-May-2016,15.1,1.2
05-May-2016,16.4,7.98571428571428
06-May-2016,14.9,6.82857142857143
07-May-2016,15.7857142857143,0
08-May-2016,17.5571428571429,0
09-May-2016,18,0
10-May-2016,13.5285714285714,11.8714285714286
11-May-2016,15.6142857142857,0.0142857142857143
12-May-2016,16.5857142857143,0
13-May-2016,17.2714285714286,0.1
14-May-2016,18.3285714285714,0
15-May-2016,16.4857142857143,33.2285714285714
16-May-2016,15.2571428571429,2.1
17-May-2016,16.9714285714286,0
18-May-2016,19.5285714285714,0
19-May-2016,21.4857142857143,0
20-May-2016,21.0285714285714,0
21-May-2016,20.6571428571429,0
22-May-2016,21.4857142857143,0
23-May-2016,20.4428571428571,0.114285714285714
24-May-2016,16.4571428571429,30.9428571428571
25-May-2016,18.6857142857143,0
26-May-2016,17.8,0.514285714285714
27-May-2016,19.4142857142857,0
28-May-2016,20.1571428571429,0
29-May-2016,19.7857142857143,0
30-May-2016,20.6571428571429,0
31-May-2016,19.9142857142857,0
01-Jun-2016,21.3571428571429,0
02-Jun-2016,20.7571428571429,0
03-Jun-2016,20.3,0.0285714285714286
04-Jun-2016,19.4428571428571,0
05-Jun-2016,22.3,0
06-Jun-2016,21.2428571428571,0.0285714285714286
07-Jun-2016,21.3714285714286,0.0857142857142857
08-Jun-2016,20.9428571428571,1.07142857142857
09-Jun-2016,22.1142857142857,0.0142857142857143
10-Jun-2016,22.4285714285714,0
11-Jun-2016,21.9857142857143,7.15714285714286
12-Jun-2016,22.6285714285714,1.28571428571429
13-Jun-2016,22.5714285714286,0
14-Jun-2016,21.5857142857143,0.785714285714286
15-Jun-2016,19.7142857142857,12.6428571428571
16-Jun-2016,20.5857142857143,0
17-Jun-2016,22.2142857142857,0
18-Jun-2016,22.2857142857143,0
19-Jun-2016,22.1285714285714,0.0142857142857143
20-Jun-2016,22.9142857142857,0
21-Jun-2016,23.8428571428571,0
22-Jun-2016,22.3428571428571,9.71428571428571
23-Jun-2016,22.9,0.157142857142857
24-Jun-2016,21.9428571428571,4.77142857142857
25-Jun-2016,21.6714285714286,0
26-Jun-2016,22.9428571428571,0
27-Jun-2016,22.2857142857143,0
28-Jun-2016,23.1142857142857,0
29-Jun-2016,24.0142857142857,0
30-Jun-2016,23.8285714285714,0.685714285714286
01-Jul-2016,23.0857142857143,101.385714285714
02-Jul-2016,22.9857142857143,2.21428571428571
03-Jul-2016,22.6714285714286,0
04-Jul-2016,21.0857142857143,32.1
05-Jul-2016,19.6428571428571,161.328571428571
06-Jul-2016,20.8,0.871428571428571
07-Jul-2016,22.6142857142857,0.0142857142857143
08-Jul-2016,25.0714285714286,0
09-Jul-2016,25.7714285714286,0
10-Jul-2016,25.7857142857143,0
11-Jul-2016,26.7857142857143,0
12-Jul-2016,24.8,2.47142857142857
13-Jul-2016,24.9714285714286,0.3
14-Jul-2016,25.7,0.285714285714286
15-Jul-2016,24.3714285714286,1.87142857142857
16-Jul-2016,19.9285714285714,44.7285714285714
17-Jul-2016,20.9,7.22857142857143
18-Jul-2016,23.0428571428571,0.8
19-Jul-2016,24.5714285714286,0
20-Jul-2016,25.8857142857143,0
21-Jul-2016,25.7,0
22-Jul-2016,27.0142857142857,0
23-Jul-2016,26.2428571428571,14.8428571428571
24-Jul-2016,26,23.7285714285714
25-Jul-2016,26.7428571428571,3.1
26-Jul-2016,26.5428571428571,0.0142857142857143
27-Jul-2016,25.8857142857143,8.47142857142857
28-Jul-2016,26.5142857142857,4.75714285714286
29-Jul-2016,25.0428571428571,13.5857142857143
30-Jul-2016,27.2,1.98571428571429
31-Jul-2016,27.1142857142857,1.8
01-Aug-2016,26.6857142857143,1.52857142857143
02-Aug-2016,26.0142857142857,3.4
03-Aug-2016,27.2428571428571,0
04-Aug-2016,27.7857142857143,0
05-Aug-2016,27.8714285714286,0
06-Aug-2016,28.3,0
07-Aug-2016,28.4,0
08-Aug-2016,27.8428571428571,0
09-Aug-2016,27.8,0
10-Aug-2016,28.0571428571429,0
11-Aug-2016,28.4428571428571,0
12-Aug-2016,28.6285714285714,0
13-Aug-2016,28.8428571428571,0
14-Aug-2016,27.3857142857143,2.2
15-Aug-2016,27.6142857142857,0
16-Aug-2016,27.8285714285714,0.214285714285714
17-Aug-2016,27.5,0
18-Aug-2016,27.2428571428571,0
19-Aug-2016,27.4428571428571,0.0714285714285714
20-Aug-2016,28.3857142857143,0
21-Aug-2016,27.6142857142857,0.842857142857143
22-Aug-2016,27.5142857142857,0
23-Aug-2016,27.0714285714286,3.18571428571429
24-Aug-2016,26.8285714285714,1.04285714285714
25-Aug-2016,25.0714285714286,11.9285714285714
26-Aug-2016,21.3428571428571,8.12857142857143
27-Aug-2016,20.6714285714286,0
28-Aug-2016,19.5,2
29-Aug-2016,20.0857142857143,0.828571428571429
30-Aug-2016,19.1857142857143,0.6
31-Aug-2016,17.3857142857143,13.8
01-Sep-2016,21.6,1.78571428571429
02-Sep-2016,22.9857142857143,7.72857142857143
03-Sep-2016,22.8285714285714,1.87142857142857
04-Sep-2016,23.3571428571429,0.0142857142857143
05-Sep-2016,24.3571428571429,0.0714285714285714
06-Sep-2016,23.0285714285714,0
07-Sep-2016,22.9,2.44285714285714
08-Sep-2016,21.8285714285714,4.94285714285714
09-Sep-2016,22.1285714285714,3.04285714285714
10-Sep-2016,22.3,0.1
11-Sep-2016,22.4142857142857,0.357142857142857
12-Sep-2016,22.3857142857143,0.671428571428571
13-Sep-2016,22.5571428571429,0
14-Sep-2016,22.6857142857143,0.171428571428571
15-Sep-2016,21.8857142857143,0
16-Sep-2016,22.1857142857143,0
17-Sep-2016,22.2428571428571,1.77142857142857
18-Sep-2016,21.2285714285714,0
19-Sep-2016,19.5,0
20-Sep-2016,18.1857142857143,0
21-Sep-2016,17.1571428571429,0
22-Sep-2016,18.9142857142857,0
23-Sep-2016,18.6857142857143,0
24-Sep-2016,19.4857142857143,0
25-Sep-2016,20.4428571428571,0
26-Sep-2016,20.9857142857143,0
27-Sep-2016,18.9571428571429,15.4571428571429
28-Sep-2016,18.9857142857143,0.157142857142857
29-Sep-2016,18.7142857142857,0
30-Sep-2016,18.5857142857143,0
01-Oct-2016,19.1428571428571,0
02-Oct-2016,17.3428571428571,48.8714285714286
03-Oct-2016,20.0857142857143,66.0285714285714
04-Oct-2016,19.3428571428571,0
05-Oct-2016,19.1285714285714,0.642857142857143
06-Oct-2016,16.7142857142857,0
07-Oct-2016,18.4285714285714,1.45714285714286
08-Oct-2016,16.3142857142857,3.64285714285714
09-Oct-2016,10.7428571428571,0
10-Oct-2016,11.3142857142857,0
11-Oct-2016,13.3857142857143,0
12-Oct-2016,13.1285714285714,0
13-Oct-2016,12.6857142857143,0
14-Oct-2016,14.1571428571429,0
15-Oct-2016,16.1142857142857,0
16-Oct-2016,15.3,0.857142857142857
17-Oct-2016,15.8857142857143,0
18-Oct-2016,14.8714285714286,0
19-Oct-2016,15.6714285714286,0
20-Oct-2016,16.2714285714286,0
21-Oct-2016,16.6285714285714,0
22-Oct-2016,16.7714285714286,0.0428571428571429
23-Oct-2016,12,1.78571428571429
24-Oct-2016,12.1857142857143,0.0428571428571429
25-Oct-2016,12.8285714285714,35.9428571428571
26-Oct-2016,12.1,0
27-Oct-2016,13.6428571428571,0
28-Oct-2016,13.3857142857143,0.614285714285714
29-Oct-2016,7.5,0
30-Oct-2016,5.44285714285714,0
31-Oct-2016,5.28571428571428,0.314285714285714
01-Nov-2016,0.928571428571428,0
02-Nov-2016,3.2,0.342857142857143
03-Nov-2016,7.95714285714286,0.714285714285714
04-Nov-2016,11.7285714285714,0
05-Nov-2016,14.2428571428571,0
06-Nov-2016,12.2285714285714,0.0142857142857143
07-Nov-2016,11.8571428571429,4.41428571428571
08-Nov-2016,4.21428571428571,0.128571428571429
09-Nov-2016,1.22857142857143,0
10-Nov-2016,4.51428571428571,1.62857142857143
11-Nov-2016,8.31428571428571,2.7
12-Nov-2016,10.7142857142857,0
13-Nov-2016,12.8571428571429,0.371428571428571
14-Nov-2016,11.4285714285714,2.45714285714286
15-Nov-2016,4.77142857142857,0
16-Nov-2016,3.42857142857143,0
17-Nov-2016,6.55714285714286,0
18-Nov-2016,7.52857142857143,0
19-Nov-2016,11.9285714285714,0.114285714285714
20-Nov-2016,8.82857142857143,0
21-Nov-2016,7.04285714285714,0
22-Nov-2016,2.64285714285714,0.214285714285714
23-Nov-2016,-1.51428571428571,0
24-Nov-2016,-2.98571428571429,0
25-Nov-2016,-1.17142857142857,0
26-Nov-2016,-0.3,1.74285714285714
27-Nov-2016,2.41428571428571,0.171428571428571
28-Nov-2016,0.342857142857143,0
29-Nov-2016,-0.228571428571429,0
30-Nov-2016,4.14285714285714,0.7
01-Dec-2016,3.9,0.0285714285714286
02-Dec-2016,0.0571428571428571,0
03-Dec-2016,2.48571428571429,0
04-Dec-2016,3.45714285714286,0
05-Dec-2016,5.3,0.414285714285714
06-Dec-2016,-1.4,0
07-Dec-2016,0.357142857142857,0.128571428571429
08-Dec-2016,0.814285714285714,5.4
09-Dec-2016,1.01428571428571,3.24285714285714
10-Dec-2016,-2.81428571428571,0
11-Dec-2016,-3.32857142857143,0
12-Dec-2016,-0.957142857142857,0
13-Dec-2016,2.02857142857143,0
14-Dec-2016,-0.928571428571429,1.21428571428571
15-Dec-2016,-5.3,0
16-Dec-2016,-5.82857142857143,0
17-Dec-2016,1.91428571428571,0
18-Dec-2016,3.81428571428571,0
19-Dec-2016,5.18571428571429,0.357142857142857
20-Dec-2016,3.82857142857143,0
21-Dec-2016,5.78571428571429,23.5857142857143
22-Dec-2016,4.87142857142857,30.4571428571429
23-Dec-2016,-1.81428571428571,0.142857142857143
24-Dec-2016,-2.15714285714286,0
25-Dec-2016,0.1,0
26-Dec-2016,1.52857142857143,0
27-Dec-2016,-1.8,1.21428571428571
28-Dec-2016,-4.38571428571429,0
29-Dec-2016,-4.21428571428571,0.271428571428571
30-Dec-2016,-4.54285714285714,0
01-Jan-2017,1.9375,0
02-Jan-2017,4.2875,0.075
03-Jan-2017,1.325,0
04-Jan-2017,2.55,0
05-Jan-2017,2.425,1.9375
06-Jan-2017,3.675,0
07-Jan-2017,2.65,0.0625
08-Jan-2017,5.3875,1.825
09-Jan-2017,2.25,0.075
10-Jan-2017,-2.925,0
11-Jan-2017,-3.7875,0
12-Jan-2017,-2.3625,0.0375
13-Jan-2017,-5.4375,0.1875
14-Jan-2017,-8.3625,0
15-Jan-2017,-7.0875,0
16-Jan-2017,-5.225,0
17-Jan-2017,-3.3125,0
18-Jan-2017,-2.0375,0
19-Jan-2017,-2.0875,0
20-Jan-2017,-3.9,4.95
21-Jan-2017,-5.6875,0.9375
22-Jan-2017,-7.575,0.1625
23-Jan-2017,-9.5625,0
24-Jan-2017,-8.3,0
25-Jan-2017,-6.6125,0
26-Jan-2017,-2.2625,1.15
27-Jan-2017,-2.0625,3.3875
28-Jan-2017,-3.0875,0
29-Jan-2017,0.2125,5.6625
30-Jan-2017,-4.2375,2.175
31-Jan-2017,-6.825,0
01-Feb-2017,-4.5125,0
02-Feb-2017,-3.8,0
03-Feb-2017,-0.7,0
04-Feb-2017,0.0125000000000001,0
05-Feb-2017,1.45,0.8
06-Feb-2017,-1.2625,0
07-Feb-2017,-2.7625,0
08-Feb-2017,-1.9125,0
09-Feb-2017,-4.6125,0
10-Feb-2017,-6.2,0
11-Feb-2017,-5.175,0
12-Feb-2017,-3.0125,0
13-Feb-2017,-1.4875,0
14-Feb-2017,-0.875,0
15-Feb-2017,0.6875,0
16-Feb-2017,4.8375,0.55
17-Feb-2017,2.2875,3.4625
18-Feb-2017,-1.9125,0
19-Feb-2017,1.1625,3.65
20-Feb-2017,-0.8,0.475
21-Feb-2017,-1.725,0
22-Feb-2017,0.825,3.2875
23-Feb-2017,-0.4875,0
24-Feb-2017,-1,0
25-Feb-2017,1.45,0
26-Feb-2017,1.975,0
27-Feb-2017,2.175,0
28-Feb-2017,3.825,0
01-Mar-2017,4.3,2.95
02-Mar-2017,1.775,1.375
03-Mar-2017,2.5375,0
04-Mar-2017,3.8125,0
05-Mar-2017,3.8625,0.475
06-Mar-2017,0.6,0.85
07-Mar-2017,-0.9875,0
08-Mar-2017,-0.15,0.1375
09-Mar-2017,2.775,0
10-Mar-2017,3.675,0
11-Mar-2017,5.325,0
12-Mar-2017,6.9125,0.1125
13-Mar-2017,5.5625,0
14-Mar-2017,4.0375,1.0375
15-Mar-2017,3.9125,0
16-Mar-2017,4.5,0
17-Mar-2017,6.125,0
18-Mar-2017,8.25,0
19-Mar-2017,8.3375,0
20-Mar-2017,8.0125,0
21-Mar-2017,5.675,0.6625
22-Mar-2017,6.2,0
23-Mar-2017,6.9,0.1125
24-Mar-2017,6.4375,0
25-Mar-2017,5.375,1.45
26-Mar-2017,5.7125,1.775
27-Mar-2017,5.2,1.425
28-Mar-2017,5.3875,0
29-Mar-2017,7.1875,0
30-Mar-2017,9.1375,0
31-Mar-2017,7,7.2625
01-Apr-2017,6.7875,2.3625
02-Apr-2017,7.875,0.0125
03-Apr-2017,10.425,0
04-Apr-2017,11.95,0
05-Apr-2017,10.575,23.525
06-Apr-2017,11.075,4.6125
07-Apr-2017,13.7875,0
08-Apr-2017,13.15,0.35
09-Apr-2017,13.3375,1.85
10-Apr-2017,13.6375,0
11-Apr-2017,13.675,0
12-Apr-2017,10.775,0.025
13-Apr-2017,11.45,0
14-Apr-2017,12.825,5.475
15-Apr-2017,15.6625,0
16-Apr-2017,16.925,0
17-Apr-2017,13.1125,10.0375
18-Apr-2017,10.75,11.1625
19-Apr-2017,12.1875,0
20-Apr-2017,12.3375,0.275
21-Apr-2017,11.7,0.2375
22-Apr-2017,13.075,0.3125
23-Apr-2017,13.3375,0
24-Apr-2017,13.7375,0
25-Apr-2017,15.2875,0
26-Apr-2017,14.025,0
27-Apr-2017,12.3625,0
28-Apr-2017,13.8375,0
29-Apr-2017,15.5,0.0125
30-Apr-2017,17.5625,0
01-May-2017,17.4875,0
02-May-2017,17.35,0
03-May-2017,18.575,0
04-May-2017,18.8625,0
05-May-2017,20.0125,0
06-May-2017,14.1625,0
07-May-2017,16.025,0
08-May-2017,17.075,0
09-May-2017,15.075,5
10-May-2017,15.3,1.9
11-May-2017,18.1875,0.2
12-May-2017,17.7875,0.7625
13-May-2017,15.9,12.2625
14-May-2017,15.75,0
15-May-2017,14.85,0
16-May-2017,15.4375,0
17-May-2017,16.5375,0.5625
18-May-2017,19.075,0
19-May-2017,20.075,0
20-May-2017,19.775,0
21-May-2017,19.75,0
22-May-2017,19.2125,0
23-May-2017,17.5375,7.8375
24-May-2017,19.6125,0.2875
25-May-2017,17.7375,0
26-May-2017,15.625,0.1
27-May-2017,17.3375,0
28-May-2017,19.2125,0
29-May-2017,21.8,0
30-May-2017,21.375,0
31-May-2017,20.2875,0
01-Jun-2017,20.35,2.15
02-Jun-2017,18.4375,0.125
03-Jun-2017,18.95,0.5375
04-Jun-2017,19.2125,0.575
05-Jun-2017,20.4,0
06-Jun-2017,17.6625,11.7875
07-Jun-2017,16.6125,12.4125
08-Jun-2017,19.7,0
09-Jun-2017,19.95,2.775
10-Jun-2017,19.65,0.7625
11-Jun-2017,19.425,0
12-Jun-2017,19.4375,0
13-Jun-2017,18.6,3.85
14-Jun-2017,20.3375,0
15-Jun-2017,21.525,0
16-Jun-2017,22.4,0
17-Jun-2017,22.175,0
18-Jun-2017,22.375,0
19-Jun-2017,22.4,0
20-Jun-2017,23.575,0.0125
21-Jun-2017,23.3625,1.25
22-Jun-2017,23.2875,0
23-Jun-2017,24.1875,0.75
24-Jun-2017,22.45,7.55
25-Jun-2017,22.0625,5.7625
26-Jun-2017,21.8875,8.9875
27-Jun-2017,23.0625,3.7375
28-Jun-2017,23.9125,2.25
29-Jun-2017,24.3125,0.025
30-Jun-2017,24.6,0
01-Jul-2017,24.9,1.075
02-Jul-2017,23.55,60.125
03-Jul-2017,23.825,48.4
04-Jul-2017,25.225,2.85
05-Jul-2017,25.3375,0.0625
06-Jul-2017,26.0625,0
07-Jul-2017,25.225,16.7
08-Jul-2017,24.8125,40.1125
09-Jul-2017,26.1375,16.2
10-Jul-2017,23.5375,75.1125
11-Jul-2017,25.7375,3.425
12-Jul-2017,26.4375,0.0375
13-Jul-2017,25.9875,0
14-Jul-2017,27.0625,1.7
15-Jul-2017,24.825,27.8125
16-Jul-2017,25.9,9.8
17-Jul-2017,26.4125,0.5375
18-Jul-2017,26.2125,0.6375
19-Jul-2017,26.8875,0
20-Jul-2017,28.0625,0
21-Jul-2017,28.1625,4.6875
22-Jul-2017,25.5625,29.7375
23-Jul-2017,25.125,56.75
24-Jul-2017,24.8,5.8125
25-Jul-2017,26.525,0.3625
26-Jul-2017,26.1375,0
27-Jul-2017,24.875,1.6625
28-Jul-2017,23.8125,20.0125
29-Jul-2017,25.3,0.6125
30-Jul-2017,25.55,0
31-Jul-2017,24.2,2.9875
01-Aug-2017,26.65,0.15
02-Aug-2017,27.575,0
03-Aug-2017,27.575,0
04-Aug-2017,27.4375,0
05-Aug-2017,28.7125,0
06-Aug-2017,27.825,5.325
07-Aug-2017,26.85,0.9875
08-Aug-2017,26.1625,0
09-Aug-2017,25.9875,4.8625
10-Aug-2017,24.0375,22.25
11-Aug-2017,24.8,17.475
12-Aug-2017,25.125,0.0875
13-Aug-2017,24.6125,0
14-Aug-2017,23.6,1.175
15-Aug-2017,21.3125,73.8375
16-Aug-2017,22.025,7.475
17-Aug-2017,22.9,7.55
18-Aug-2017,23.775,13.85
19-Aug-2017,24.125,1.5625
20-Aug-2017,22.4125,68.3375
21-Aug-2017,24.275,15.2625
22-Aug-2017,25.275,0.4625
23-Aug-2017,25.2375,31.575
24-Aug-2017,25.7875,41.4875
25-Aug-2017,23.6375,0
26-Aug-2017,21.8125,0
27-Aug-2017,20.2375,0
28-Aug-2017,19.7875,8.875
29-Aug-2017,18.625,0
30-Aug-2017,18.15,0
31-Aug-2017,19.875,0
01-Sep-2017,20.4,0
02-Sep-2017,20.7,0
03-Sep-2017,21.0875,0
04-Sep-2017,21.7875,0
05-Sep-2017,20.0875,0
06-Sep-2017,19.6375,1.0625
07-Sep-2017,21.275,0
08-Sep-2017,22.3625,0
09-Sep-2017,22.025,0
10-Sep-2017,21.725,0.1125
11-Sep-2017,19.5875,18.3625
12-Sep-2017,20.175,0
13-Sep-2017,19,0
14-Sep-2017,19.0625,0
15-Sep-2017,19.8125,0
16-Sep-2017,19.425,0
17-Sep-2017,19.9625,0.6375
18-Sep-2017,19.7375,0
19-Sep-2017,20.475,10.3875
20-Sep-2017,17.6,0
21-Sep-2017,17.325,0
22-Sep-2017,17.95,0
23-Sep-2017,19.7,0.1
24-Sep-2017,19.95,0.3375
25-Sep-2017,20.1875,0
26-Sep-2017,21.475,0.0375
27-Sep-2017,20.3375,0.9625
28-Sep-2017,17.9,0.175
29-Sep-2017,14.7875,0
30-Sep-2017,18.3875,0
01-Oct-2017,16.625,2.5875
02-Oct-2017,19.0875,0.9875
03-Oct-2017,15.2875,0.575
04-Oct-2017,13.975,0
05-Oct-2017,15.55,0
06-Oct-2017,16.475,2.3375
07-Oct-2017,19.2875,0.0375
08-Oct-2017,20.05,0
09-Oct-2017,19.8625,0
10-Oct-2017,18.5125,8.575
11-Oct-2017,14.1,16.9125
12-Oct-2017,10.7875,0
13-Oct-2017,10.8625,0
14-Oct-2017,11.7,0
15-Oct-2017,13.025,0
16-Oct-2017,13.925,0
17-Oct-2017,13.35625,0
18-Oct-2017,14.15,1.2
19-Oct-2017,14.05,0.025
20-Oct-2017,13.675,0
21-Oct-2017,13.9,0
22-Oct-2017,13.3125,0.4625
23-Oct-2017,11.1625,0
24-Oct-2017,10.9625,0
25-Oct-2017,11.4,0
26-Oct-2017,12.3,0
27-Oct-2017,13.95,0
28-Oct-2017,14.0125,0
29-Oct-2017,10.4875,4.6625
30-Oct-2017,5.9,0
31-Oct-2017,8.1625,0
01-Nov-2017,13.5875,0
02-Nov-2017,14.4,0.725
03-Nov-2017,11.725,7.6625
04-Nov-2017,6.5125,2.325
05-Nov-2017,6.625,0
06-Nov-2017,10.05,0
07-Nov-2017,13.05,0
08-Nov-2017,12.2875,0
09-Nov-2017,7.1375,0
10-Nov-2017,8.5875,5.625
11-Nov-2017,4.8375,0
12-Nov-2017,3.775,0
13-Nov-2017,7.3625,0.7125
14-Nov-2017,6.55,0
15-Nov-2017,2,0
16-Nov-2017,-0.4875,0
17-Nov-2017,1.45,0
18-Nov-2017,-1.7375,0
19-Nov-2017,-2.225,0
20-Nov-2017,-2.175,0.0625
21-Nov-2017,-0.525,0
22-Nov-2017,3.325,0.725
23-Nov-2017,-0.225,0.55
24-Nov-2017,-1.75,0.2625
25-Nov-2017,1.125,8.375
26-Nov-2017,1.5625,0
27-Nov-2017,0.1875,0
28-Nov-2017,4.9,0.25
29-Nov-2017,3.28125,0.0625
30-Nov-2017,-2.0625,0
01-Dec-2017,-3.825,0.025
02-Dec-2017,-0.0375000000000001,0.0875
03-Dec-2017,4.0875,1.4375
04-Dec-2017,-1.025,0.0125
05-Dec-2017,-4.8375,0.1125
06-Dec-2017,-1.0125,0.9625
07-Dec-2017,-0.1375,0.0625
08-Dec-2017,-4.05,0
09-Dec-2017,-1.9375,0
10-Dec-2017,0.4625,5.925
11-Dec-2017,-7.775,0
12-Dec-2017,-10.30625,0
13-Dec-2017,-9.95,0
14-Dec-2017,-8.1875,0
15-Dec-2017,-4.6625,0.0625
16-Dec-2017,-5.7125,0
17-Dec-2017,-8.2625,0
18-Dec-2017,-2.8,0.9625
19-Dec-2017,-5.85,0
20-Dec-2017,-4.9,0.7875
21-Dec-2017,-2.6125,0
22-Dec-2017,2.4375,0
23-Dec-2017,4.2875,0
24-Dec-2017,1.95,12.2125
25-Dec-2017,-2.6625,0
26-Dec-2017,-4.65,0
27-Dec-2017,-7.7375,0
28-Dec-2017,-3.8875,0
29-Dec-2017,0.7625,0
30-Dec-2017,0.0125,0.775
31-Dec-2017,-0.55,0.4375
01-Jan-2018,-3.3375,0
02-Jan-2018,-2.9875,0
03-Jan-2018,-5.65,0
04-Jan-2018,-5.825,0
05-Jan-2018,-4.125,0
06-Jan-2018,-4.7875,0
07-Jan-2018,-2.825,0
08-Jan-2018,0.7375,0.9375
09-Jan-2018,-4.6875,0.175
10-Jan-2018,-8.45,0.0375
11-Jan-2018,-11.6375,0
12-Jan-2018,-11.6125,0
13-Jan-2018,-5.8375,0.1125
14-Jan-2018,-0.4875,0
15-Jan-2018,3.625,0.425
16-Jan-2018,1.65,0
17-Jan-2018,3.125,0
18-Jan-2018,1.0875,0
19-Jan-2018,-0.5625,0
20-Jan-2018,0.3375,0
21-Jan-2018,-1.7,0
22-Jan-2018,-1.2875,3.6625
23-Jan-2018,-11.8375,0
24-Jan-2018,-14.825,0
25-Jan-2018,-14.775,0
26-Jan-2018,-15.5625,0
27-Jan-2018,-11.4375,0
28-Jan-2018,-6.5125,0
29-Jan-2018,-9.675,0
30-Jan-2018,-6.6875,0.2125
31-Jan-2018,-3.4375,0.225
01-Feb-2018,-6.2875,0
02-Feb-2018,-4.575,0
03-Feb-2018,-7.225,0.2625
04-Feb-2018,-10.225,0
05-Feb-2018,-10.625,0
06-Feb-2018,-11.25,0
07-Feb-2018,-9.825,0
08-Feb-2018,-6.6875,0
09-Feb-2018,-1.675,0
10-Feb-2018,-0.875,0
11-Feb-2018,-6.6375,0.0375
12-Feb-2018,-6.45,0.0125
13-Feb-2018,-1.825,0
14-Feb-2018,3.575,0
15-Feb-2018,-1.45,0
16-Feb-2018,-2.1125,0
17-Feb-2018,-2.8125,0
18-Feb-2018,-1.3875,0
19-Feb-2018,0.375,0
20-Feb-2018,-0.175,0
21-Feb-2018,-2.475,0
22-Feb-2018,0.425,0.8
23-Feb-2018,2.7125,3.1375
24-Feb-2018,0.925,0.675
25-Feb-2018,0.1875,0
26-Feb-2018,0.65,0
27-Feb-2018,1.85,0
28-Feb-2018,3.15,24.7
01-Mar-2018,-0.275,1.1875
02-Mar-2018,-1.5875,0
03-Mar-2018,6.6,0.0125
04-Mar-2018,7.85,12.9
05-Mar-2018,2.8,8.325
06-Mar-2018,2.0625,0
07-Mar-2018,4.375,1.1
08-Mar-2018,3.5875,4.9
09-Mar-2018,3.3875,0
10-Mar-2018,3.5625,0
11-Mar-2018,4.725,0
12-Mar-2018,6.175,0
13-Mar-2018,11.125,0
14-Mar-2018,15.15,0
15-Mar-2018,11.1875,10.5125
16-Mar-2018,4.125,0.0125
17-Mar-2018,4.6875,0
18-Mar-2018,6.4375,1.275
19-Mar-2018,7.175,1.6625
20-Mar-2018,3.4875,0
21-Mar-2018,2.05,0.3125
22-Mar-2018,4.5125,0
23-Mar-2018,5.2625,0
24-Mar-2018,7.7125,0
25-Mar-2018,9.1625,0
26-Mar-2018,9.95,0
27-Mar-2018,12.0625,0
28-Mar-2018,13.6875,0
29-Mar-2018,13.425,0
30-Mar-2018,12.175,0
31-Mar-2018,12.5125,0
01-Apr-2018,14.625,0
02-Apr-2018,17.35,0
03-Apr-2018,15.9875,1
04-Apr-2018,9.2875,16.0625
05-Apr-2018,6.025,10.75
06-Apr-2018,5.525,6.525
07-Apr-2018,4.2125,0.25
08-Apr-2018,2.6375,4.2375
09-Apr-2018,6.2125,0
10-Apr-2018,13.3875,6.525
11-Apr-2018,12.7125,0
12-Apr-2018,11.9625,0
13-Apr-2018,12.4875,0
14-Apr-2018,8.225,11.5875
15-Apr-2018,9.325,0
16-Apr-2018,10.1875,0
17-Apr-2018,11.0375,0
18-Apr-2018,11.6875,0
19-Apr-2018,13.65,0
20-Apr-2018,16.3625,0
21-Apr-2018,17.475,0
22-Apr-2018,13.0625,11.1375
23-Apr-2018,8.4875,56.8375
24-Apr-2018,10.3125,2.825
25-Apr-2018,12.775,0
26-Apr-2018,14.1625,0
27-Apr-2018,14,0
28-Apr-2018,14.6375,0
29-Apr-2018,15.55,0
30-Apr-2018,17.2125,0
01-May-2018,17.9125,0.0875
02-May-2018,12.1625,17.5125
03-May-2018,10.2375,0.2375
04-May-2018,14.3,0
05-May-2018,17.7875,0
06-May-2018,15.425,18.2375
07-May-2018,16.8125,0.225
08-May-2018,14.25,1.825
09-May-2018,12.775,0
10-May-2018,14.05,0
11-May-2018,15.225,0
12-May-2018,12.8,20.05
13-May-2018,15.675,0.4
14-May-2018,17.325,0
15-May-2018,21.8375,0
16-May-2018,20.775,32.45
17-May-2018,18.7375,73.575
18-May-2018,13.1625,10.825
19-May-2018,15.5375,0
20-May-2018,14.9875,0
21-May-2018,15.875,0
22-May-2018,16.2875,9.775
23-May-2018,16.7875,5.35
24-May-2018,17.875,0
25-May-2018,18.4625,0
26-May-2018,19.4875,0
27-May-2018,18.4625,0
28-May-2018,19.6375,0
29-May-2018,19.925,0.525
30-May-2018,19.2625,0.0875
31-May-2018,19.8,0
01-Jun-2018,22.1375,0
02-Jun-2018,22.15,0
03-Jun-2018,21.9,0
04-Jun-2018,21.025,0
05-Jun-2018,22.1625,0
06-Jun-2018,21.425,0
07-Jun-2018,21.5875,0
08-Jun-2018,21.15,0
09-Jun-2018,20.725,4.4875
10-Jun-2018,18.6875,2
11-Jun-2018,18.2375,2.1625
12-Jun-2018,19.4625,0.25
13-Jun-2018,19.875,0.05
14-Jun-2018,19.2125,16.7375
15-Jun-2018,19.1375,1.3375
16-Jun-2018,19.825,0
17-Jun-2018,20.2875,0
18-Jun-2018,22.0875,0
19-Jun-2018,20.925,0
20-Jun-2018,21.8125,0
21-Jun-2018,22.2125,0
22-Jun-2018,23.5,0
23-Jun-2018,22.9125,0
24-Jun-2018,24.1,0
25-Jun-2018,24.375,0
26-Jun-2018,21.0375,70.8625
27-Jun-2018,22.1625,0.55
28-Jun-2018,22.4375,14.775
29-Jun-2018,23.1375,0.2125
30-Jun-2018,23.525,1.4375
01-Jul-2018,21.2625,51.1375
02-Jul-2018,21.9,42.2625
03-Jul-2018,25.275,1.45
04-Jul-2018,25.1,10.2
05-Jul-2018,22.575,9.45
06-Jul-2018,21.125,1.4625
07-Jul-2018,20.0375,0.3125
08-Jul-2018,20.3,0
09-Jul-2018,19.025,23.6375
10-Jul-2018,21.725,17.0625
11-Jul-2018,23.9125,21.8375
12-Jul-2018,25.5625,0.4
13-Jul-2018,25.9625,0.0625
14-Jul-2018,26.35,0.025
15-Jul-2018,26.725,0
16-Jul-2018,26.4625,0
17-Jul-2018,26.3625,0
18-Jul-2018,25.65,0
19-Jul-2018,26.1,0
20-Jul-2018,26.775,0
21-Jul-2018,27.7375,0
22-Jul-2018,28.6125,0
23-Jul-2018,28.7375,0
24-Jul-2018,29.225,0
25-Jul-2018,28.5625,0
26-Jul-2018,28.675,0
27-Jul-2018,29.15,0
28-Jul-2018,28.7625,7.1875
29-Jul-2018,28.9625,0
30-Jul-2018,28.8375,0.45
31-Jul-2018,29.1,0
01-Aug-2018,30.2625,0
02-Aug-2018,30.5625,0
03-Aug-2018,30.6875,0
04-Aug-2018,29.9,0
05-Aug-2018,29.3125,16.6375
06-Aug-2018,28.175,28.9125
07-Aug-2018,28.35,0.0125
08-Aug-2018,28.2125,9.9875
09-Aug-2018,26.8,9.2125
10-Aug-2018,27.7,0.975
11-Aug-2018,28.1375,0.0625
12-Aug-2018,28.175,0.375
13-Aug-2018,28.5,9.6875
14-Aug-2018,29.075,0
15-Aug-2018,28.7,5.375
16-Aug-2018,26.675,0.75
17-Aug-2018,23.95,0
18-Aug-2018,23.6125,0
19-Aug-2018,24.875,0
20-Aug-2018,26.4625,0.025
21-Aug-2018,25.05,10.775
22-Aug-2018,26.9375,0
23-Aug-2018,25.925,3.3375
24-Aug-2018,23.2875,27.0625
25-Aug-2018,24.2,0.0625
26-Aug-2018,22.925,0
27-Aug-2018,22.875,7.225
28-Aug-2018,23.075,63.15
29-Aug-2018,22.7625,158.225
30-Aug-2018,24.9125,4.325
31-Aug-2018,23.975,0.5125
01-Sep-2018,23.375,0
02-Sep-2018,22.4875,0
03-Sep-2018,21.675,22.1375
04-Sep-2018,22.325,0.4875
05-Sep-2018,22.8625,0
06-Sep-2018,22.25,4.225
07-Sep-2018,20.8125,0.7125
08-Sep-2018,19.1,0
09-Sep-2018,19.525,0.7125
10-Sep-2018,20.0125,0
11-Sep-2018,19.0125,0
12-Sep-2018,19.975,0
13-Sep-2018,20.625,0
14-Sep-2018,21.7125,0.0375
15-Sep-2018,22.3625,0.1
16-Sep-2018,21.5875,0.8375
17-Sep-2018,20.8625,0
18-Sep-2018,19.7875,0
19-Sep-2018,19.7125,0.725
20-Sep-2018,18.1625,8.1125
21-Sep-2018,18.45,17.9875
22-Sep-2018,19.75,2.225
23-Sep-2018,17.2625,0.2125
24-Sep-2018,15.5375,0
25-Sep-2018,15.65,0
26-Sep-2018,17.075,0.0125
27-Sep-2018,16.3125,0
28-Sep-2018,15.2,0
29-Sep-2018,17.7125,0
30-Sep-2018,16.2875,0
01-Oct-2018,13.925,0.2375
02-Oct-2018,13.7875,0
03-Oct-2018,14.8375,0
04-Oct-2018,17.0875,0.0625
05-Oct-2018,15.6875,21.5625
06-Oct-2018,16.925,51.9375
07-Oct-2018,15.4125,0
08-Oct-2018,12.5875,0
09-Oct-2018,13.6125,0.225
10-Oct-2018,11.5125,6.2125
11-Oct-2018,8.575,0
12-Oct-2018,8.875,0
13-Oct-2018,10.45,0
14-Oct-2018,11.65,0
15-Oct-2018,12.875,0
16-Oct-2018,12.2875,0
17-Oct-2018,11.0125,5.1875
18-Oct-2018,11.1,8.125
19-Oct-2018,11.2625,0
20-Oct-2018,10.6625,0
21-Oct-2018,10.9125,0
22-Oct-2018,11.525,0
23-Oct-2018,10.8,6.6125
24-Oct-2018,10.8375,0
25-Oct-2018,11.7,0
26-Oct-2018,11.2125,9.7875
27-Oct-2018,8.175,0.125
28-Oct-2018,6.9,10.7625
29-Oct-2018,6.4125,0
30-Oct-2018,5.3625,0.0125
31-Oct-2018,5.7875,0.05
01-Nov-2018,6.6625,0
02-Nov-2018,8.4625,0
03-Nov-2018,9.0375,0
04-Nov-2018,9.1875,0
05-Nov-2018,10.3375,0
06-Nov-2018,11.125,1.225
07-Nov-2018,11.1875,22.2875
08-Nov-2018,11.5,41.6875
09-Nov-2018,12.1125,1.3125
10-Nov-2018,10.55,0.0625
11-Nov-2018,6.5,0
12-Nov-2018,6.3125,0.025
13-Nov-2018,7.3625,1.3625
14-Nov-2018,7.525,0.5875
15-Nov-2018,7.1,0
16-Nov-2018,7.3375,0
17-Nov-2018,4.325,0
18-Nov-2018,4.5875,0
19-Nov-2018,4.5375,0
20-Nov-2018,5.55,1.2125
21-Nov-2018,5.725,0.425
22-Nov-2018,1.3125,0
23-Nov-2018,0.1125,0
24-Nov-2018,1.9625,6.4875
25-Nov-2018,3.875,0
26-Nov-2018,4.8125,0
27-Nov-2018,6.5375,0
28-Nov-2018,3,0
29-Nov-2018,1.725,0
30-Nov-2018,1.0375,0
01-Dec-2018,3.025,0
02-Dec-2018,4.7375,0
03-Dec-2018,8.0625,5.6875
04-Dec-2018,6.6625,4.9125
05-Dec-2018,-0.35,0
06-Dec-2018,1.9,0.3375
07-Dec-2018,-7.05,0
08-Dec-2018,-8.5,0
09-Dec-2018,-7.875,0
10-Dec-2018,-4.65,0
11-Dec-2018,-1.625,0.3875
12-Dec-2018,-3.225,0
13-Dec-2018,-3.3375,0.8875
14-Dec-2018,-6.125,0
15-Dec-2018,-4.225,0
16-Dec-2018,-0.725,0.3875
17-Dec-2018,0.4875,0
18-Dec-2018,0.3875,0
19-Dec-2018,2.325,0
20-Dec-2018,0.3125,0
21-Dec-2018,2.8625,0
22-Dec-2018,4.175,0
23-Dec-2018,1.9625,0
24-Dec-2018,-3.625,0
25-Dec-2018,-0.5875,0
26-Dec-2018,-1.525,0
27-Dec-2018,-9.5625,0
28-Dec-2018,-10.5,0
29-Dec-2018,-8.05,0
30-Dec-2018,-8.6125,0
31-Dec-2018,-7.075,0
